CREATE TABLE users (
	user_id SERIAL NOT NULL PRIMARY KEY,
	username VARCHAR(50) NOT NULL UNIQUE,
	email VARCHAR(50) NOT NULL UNIQUE,
	creation_date DATE DEFAULT CURRENT_TIMESTAMP,
	is_active VARCHAR(50)
);

CREATE TABLE categories (
	category_id SERIAL PRIMARY KEY,
	name VARCHAR(50) UNIQUE NOT NULL,
	creation_date DATE DEFAULT CURRENT_TIMESTAMP
);

CREATE TABLE posts (
	post_id SERIAL PRIMARY KEY,
	user_id INT NOT NULL,
	category_id INT NOT NULL,
	title VARCHAR(50) NOT NULL,
	content TEXT NOT NULL,
	view_count INT DEFAULT 0,
	creation_date DATE DEFAULT CURRENT_TIMESTAMP,
	is_published VARCHAR(50),
    FOREIGN KEY (user_id) REFERENCES users(user_id),
	FOREIGN KEY (category_id) REFERENCES categories(category_id)
);

CREATE TABLE comments (
	comment_id SERIAL PRIMARY KEY,
	post_id INT NOT NULL,
	user_id INT,
	comment TEXT NOT NULL,
	creation_date DATE DEFAULT CURRENT_TIMESTAMP,
	is_confirmed VARCHAR(50),
    FOREIGN KEY (user_id) REFERENCES users(user_id),
    FOREIGN KEY (post_id) REFERENCES posts(post_id)
);

-- users tablosunda minimum 2 kullanıcı bulunmalıdır.
-- insert two users into users table
insert into users (user_id, username, email, creation_date, is_active) values (1, 'bcromer0', 'kodornan0@omniture.com', '2005-04-08 07:12:19', true);
insert into users (user_id, username, email, creation_date, is_active) values (2, 'jhillburn1', 'cjzhakov1@google.nl', '2005-10-15 11:16:04', true);


-- categories tablosunda minimum 3 kategori bulunmalıdır.
-- insert three categories into categories table
insert into categories (category_id, name, creation_date) values (1, 'Ornamental Railings', '2019-07-20 15:07:19');
insert into categories (category_id, name, creation_date) values (2, 'Marlite Panels (FED)', '2008-07-25 17:42:11');
insert into categories (category_id, name, creation_date) values (3, 'Overhead Doors', '2004-04-22 02:58:10');


-- posts tablosunda farklı kategorilerde, farklı görüntülenme sayılarında ve farklı başlıklarda minimum 50 gönderi bulunmalıdır.
-- insert fifty posts into posts table
insert into posts (post_id, user_id, category_id, title, content, view_count, creation_date, is_published) values (1, 2, 1, 'Lipton Cockton in the Shadows of Sodoma', 'In congue. Etiam justo. Etiam pretium iaculis justo.

In hac habitasse platea dictumst. Etiam faucibus cursus urna. Ut tellus.

Nulla ut erat id mauris vulputate elementum. Nullam varius. Nulla facilisi.', 70, '2011-12-26 16:07:43', false);
insert into posts (post_id, user_id, category_id, title, content, view_count, creation_date, is_published) values (2, 2, 2, 'The Land Before Time IV: Journey Through the Mists', 'Nullam porttitor lacus at turpis. Donec posuere metus vitae ipsum. Aliquam non mauris.

Morbi non lectus. Aliquam sit amet diam in magna bibendum imperdiet. Nullam orci pede, venenatis non, sodales sed, tincidunt eu, felis.', 320, '2007-02-02 22:31:27', false);
insert into posts (post_id, user_id, category_id, title, content, view_count, creation_date, is_published) values (3, 1, 3, 'Mannequin', 'Cum sociis natoque penatibus et magnis dis parturient montes, nascetur ridiculus mus. Vivamus vestibulum sagittis sapien. Cum sociis natoque penatibus et magnis dis parturient montes, nascetur ridiculus mus.', 848, '2019-07-08 06:55:14', true);
insert into posts (post_id, user_id, category_id, title, content, view_count, creation_date, is_published) values (4, 2, 3, 'The Fighting 69th', 'Pellentesque at nulla. Suspendisse potenti. Cras in purus eu magna vulputate luctus.', 791, '2009-09-23 12:35:21', false);
insert into posts (post_id, user_id, category_id, title, content, view_count, creation_date, is_published) values (5, 1, 2, 'Horsemen', 'In congue. Etiam justo. Etiam pretium iaculis justo.

In hac habitasse platea dictumst. Etiam faucibus cursus urna. Ut tellus.', 949, '2012-02-05 03:20:26', true);
insert into posts (post_id, user_id, category_id, title, content, view_count, creation_date, is_published) values (6, 2, 3, 'Speed Racer', 'Morbi porttitor lorem id ligula. Suspendisse ornare consequat lectus. In est risus, auctor sed, tristique in, tempus sit amet, sem.

Fusce consequat. Nulla nisl. Nunc nisl.

Duis bibendum, felis sed interdum venenatis, turpis enim blandit mi, in porttitor pede justo eu massa. Donec dapibus. Duis at velit eu est congue elementum.', 813, '2000-09-20 12:04:49', true);
insert into posts (post_id, user_id, category_id, title, content, view_count, creation_date, is_published) values (7, 2, 3, 'Breaker! Breaker!', 'Integer tincidunt ante vel ipsum. Praesent blandit lacinia erat. Vestibulum sed magna at nunc commodo placerat.

Praesent blandit. Nam nulla. Integer pede justo, lacinia eget, tincidunt eget, tempus vel, pede.', 682, '2015-05-08 03:36:03', true);
insert into posts (post_id, user_id, category_id, title, content, view_count, creation_date, is_published) values (8, 1, 1, 'Dangerous', 'Aliquam quis turpis eget elit sodales scelerisque. Mauris sit amet eros. Suspendisse accumsan tortor quis turpis.

Sed ante. Vivamus tortor. Duis mattis egestas metus.

Aenean fermentum. Donec ut mauris eget massa tempor convallis. Nulla neque libero, convallis eget, eleifend luctus, ultricies eu, nibh.', 973, '2008-05-04 23:27:03', false);
insert into posts (post_id, user_id, category_id, title, content, view_count, creation_date, is_published) values (9, 2, 1, 'Extreme Measures', 'Quisque id justo sit amet sapien dignissim vestibulum. Vestibulum ante ipsum primis in faucibus orci luctus et ultrices posuere cubilia Curae; Nulla dapibus dolor vel est. Donec odio justo, sollicitudin ut, suscipit a, feugiat et, eros.

Vestibulum ac est lacinia nisi venenatis tristique. Fusce congue, diam id ornare imperdiet, sapien urna pretium nisl, ut volutpat sapien arcu sed augue. Aliquam erat volutpat.

In congue. Etiam justo. Etiam pretium iaculis justo.', 305, '2000-06-11 21:42:54', true);
insert into posts (post_id, user_id, category_id, title, content, view_count, creation_date, is_published) values (10, 1, 3, 'Paleface, The', 'Curabitur in libero ut massa volutpat convallis. Morbi odio odio, elementum eu, interdum eu, tincidunt in, leo. Maecenas pulvinar lobortis est.', 783, '2001-11-30 09:46:04', false);
insert into posts (post_id, user_id, category_id, title, content, view_count, creation_date, is_published) values (11, 1, 3, 'Purple Rain', 'In sagittis dui vel nisl. Duis ac nibh. Fusce lacus purus, aliquet at, feugiat non, pretium quis, lectus.

Suspendisse potenti. In eleifend quam a odio. In hac habitasse platea dictumst.', 843, '2017-03-09 16:58:56', false);
insert into posts (post_id, user_id, category_id, title, content, view_count, creation_date, is_published) values (12, 1, 2, 'Wild One, The', 'Sed sagittis. Nam congue, risus semper porta volutpat, quam pede lobortis ligula, sit amet eleifend pede libero quis orci. Nullam molestie nibh in lectus.

Pellentesque at nulla. Suspendisse potenti. Cras in purus eu magna vulputate luctus.

Cum sociis natoque penatibus et magnis dis parturient montes, nascetur ridiculus mus. Vivamus vestibulum sagittis sapien. Cum sociis natoque penatibus et magnis dis parturient montes, nascetur ridiculus mus.', 718, '2012-09-07 10:51:59', true);
insert into posts (post_id, user_id, category_id, title, content, view_count, creation_date, is_published) values (13, 1, 3, 'Romeo and Juliet', 'Cum sociis natoque penatibus et magnis dis parturient montes, nascetur ridiculus mus. Vivamus vestibulum sagittis sapien. Cum sociis natoque penatibus et magnis dis parturient montes, nascetur ridiculus mus.

Etiam vel augue. Vestibulum rutrum rutrum neque. Aenean auctor gravida sem.', 139, '2017-12-25 13:19:59', true);
insert into posts (post_id, user_id, category_id, title, content, view_count, creation_date, is_published) values (14, 2, 1, 'Conman (Du Xia 1999)', 'In hac habitasse platea dictumst. Morbi vestibulum, velit id pretium iaculis, diam erat fermentum justo, nec condimentum neque sapien placerat ante. Nulla justo.

Aliquam quis turpis eget elit sodales scelerisque. Mauris sit amet eros. Suspendisse accumsan tortor quis turpis.

Sed ante. Vivamus tortor. Duis mattis egestas metus.', 760, '2011-05-14 09:35:09', false);
insert into posts (post_id, user_id, category_id, title, content, view_count, creation_date, is_published) values (15, 1, 3, 'Godzilla Against MechaGodzilla (Gojira tai Mekagoj', 'In congue. Etiam justo. Etiam pretium iaculis justo.

In hac habitasse platea dictumst. Etiam faucibus cursus urna. Ut tellus.', 83, '2006-12-20 14:52:42', true);
insert into posts (post_id, user_id, category_id, title, content, view_count, creation_date, is_published) values (16, 2, 3, 'Kids, The (Mistons, Les) (Mischief Makers, The)', 'Vestibulum ac est lacinia nisi venenatis tristique. Fusce congue, diam id ornare imperdiet, sapien urna pretium nisl, ut volutpat sapien arcu sed augue. Aliquam erat volutpat.', 293, '2003-07-14 08:20:11', true);
insert into posts (post_id, user_id, category_id, title, content, view_count, creation_date, is_published) values (17, 2, 3, 'The Imitation Game', 'Etiam vel augue. Vestibulum rutrum rutrum neque. Aenean auctor gravida sem.', 456, '2018-08-23 11:52:38', true);
insert into posts (post_id, user_id, category_id, title, content, view_count, creation_date, is_published) values (18, 2, 1, 'River, The', 'Nullam sit amet turpis elementum ligula vehicula consequat. Morbi a ipsum. Integer a nibh.', 551, '2020-12-02 11:02:38', true);
insert into posts (post_id, user_id, category_id, title, content, view_count, creation_date, is_published) values (19, 2, 3, 'Tunnel, The', 'Aenean fermentum. Donec ut mauris eget massa tempor convallis. Nulla neque libero, convallis eget, eleifend luctus, ultricies eu, nibh.

Quisque id justo sit amet sapien dignissim vestibulum. Vestibulum ante ipsum primis in faucibus orci luctus et ultrices posuere cubilia Curae; Nulla dapibus dolor vel est. Donec odio justo, sollicitudin ut, suscipit a, feugiat et, eros.

Vestibulum ac est lacinia nisi venenatis tristique. Fusce congue, diam id ornare imperdiet, sapien urna pretium nisl, ut volutpat sapien arcu sed augue. Aliquam erat volutpat.', 118, '2003-01-28 17:50:41', true);
insert into posts (post_id, user_id, category_id, title, content, view_count, creation_date, is_published) values (20, 2, 2, 'Leap of Faith', 'Cum sociis natoque penatibus et magnis dis parturient montes, nascetur ridiculus mus. Vivamus vestibulum sagittis sapien. Cum sociis natoque penatibus et magnis dis parturient montes, nascetur ridiculus mus.', 775, '2009-09-22 08:36:19', true);
insert into posts (post_id, user_id, category_id, title, content, view_count, creation_date, is_published) values (21, 2, 3, 'Baraka', 'Cras mi pede, malesuada in, imperdiet et, commodo vulputate, justo. In blandit ultrices enim. Lorem ipsum dolor sit amet, consectetuer adipiscing elit.', 973, '2016-01-08 19:58:49', false);
insert into posts (post_id, user_id, category_id, title, content, view_count, creation_date, is_published) values (22, 1, 1, 'Emma', 'Morbi non lectus. Aliquam sit amet diam in magna bibendum imperdiet. Nullam orci pede, venenatis non, sodales sed, tincidunt eu, felis.

Fusce posuere felis sed lacus. Morbi sem mauris, laoreet ut, rhoncus aliquet, pulvinar sed, nisl. Nunc rhoncus dui vel sem.

Sed sagittis. Nam congue, risus semper porta volutpat, quam pede lobortis ligula, sit amet eleifend pede libero quis orci. Nullam molestie nibh in lectus.', 902, '2009-12-07 04:41:39', true);
insert into posts (post_id, user_id, category_id, title, content, view_count, creation_date, is_published) values (23, 2, 1, 'Blob, The', 'Praesent id massa id nisl venenatis lacinia. Aenean sit amet justo. Morbi ut odio.', 358, '2016-02-06 04:57:00', false);
insert into posts (post_id, user_id, category_id, title, content, view_count, creation_date, is_published) values (24, 2, 3, 'My Blue Heaven', 'Maecenas leo odio, condimentum id, luctus nec, molestie sed, justo. Pellentesque viverra pede ac diam. Cras pellentesque volutpat dui.', 806, '2010-07-13 18:18:12', false);
insert into posts (post_id, user_id, category_id, title, content, view_count, creation_date, is_published) values (25, 1, 1, 'All the Brothers Were Valiant', 'Quisque porta volutpat erat. Quisque erat eros, viverra eget, congue eget, semper rutrum, nulla. Nunc purus.

Phasellus in felis. Donec semper sapien a libero. Nam dui.', 35, '2007-01-03 10:49:51', true);
insert into posts (post_id, user_id, category_id, title, content, view_count, creation_date, is_published) values (26, 1, 1, 'Cat''s Eye', 'Fusce posuere felis sed lacus. Morbi sem mauris, laoreet ut, rhoncus aliquet, pulvinar sed, nisl. Nunc rhoncus dui vel sem.', 141, '2012-12-25 20:46:34', false);
insert into posts (post_id, user_id, category_id, title, content, view_count, creation_date, is_published) values (27, 1, 3, 'Take the Trash', 'Cras non velit nec nisi vulputate nonummy. Maecenas tincidunt lacus at velit. Vivamus vel nulla eget eros elementum pellentesque.', 320, '2015-03-04 17:37:25', true);
insert into posts (post_id, user_id, category_id, title, content, view_count, creation_date, is_published) values (28, 1, 2, 'Owning Mahowny', 'Etiam vel augue. Vestibulum rutrum rutrum neque. Aenean auctor gravida sem.

Praesent id massa id nisl venenatis lacinia. Aenean sit amet justo. Morbi ut odio.

Cras mi pede, malesuada in, imperdiet et, commodo vulputate, justo. In blandit ultrices enim. Lorem ipsum dolor sit amet, consectetuer adipiscing elit.', 324, '2001-08-18 21:44:25', false);
insert into posts (post_id, user_id, category_id, title, content, view_count, creation_date, is_published) values (29, 2, 1, 'Colourful (Karafuru)', 'In quis justo. Maecenas rhoncus aliquam lacus. Morbi quis tortor id nulla ultrices aliquet.

Maecenas leo odio, condimentum id, luctus nec, molestie sed, justo. Pellentesque viverra pede ac diam. Cras pellentesque volutpat dui.', 77, '2016-01-27 03:40:23', true);
insert into posts (post_id, user_id, category_id, title, content, view_count, creation_date, is_published) values (30, 1, 2, 'Full Eclipse', 'Maecenas ut massa quis augue luctus tincidunt. Nulla mollis molestie lorem. Quisque ut erat.

Curabitur gravida nisi at nibh. In hac habitasse platea dictumst. Aliquam augue quam, sollicitudin vitae, consectetuer eget, rutrum at, lorem.', 843, '2010-04-08 21:59:33', true);
insert into posts (post_id, user_id, category_id, title, content, view_count, creation_date, is_published) values (31, 2, 1, 'Vampire''s Kiss', 'In hac habitasse platea dictumst. Etiam faucibus cursus urna. Ut tellus.

Nulla ut erat id mauris vulputate elementum. Nullam varius. Nulla facilisi.

Cras non velit nec nisi vulputate nonummy. Maecenas tincidunt lacus at velit. Vivamus vel nulla eget eros elementum pellentesque.', 866, '2006-09-02 03:25:56', false);
insert into posts (post_id, user_id, category_id, title, content, view_count, creation_date, is_published) values (32, 1, 3, 'Quadrille', 'Etiam vel augue. Vestibulum rutrum rutrum neque. Aenean auctor gravida sem.', 373, '2000-08-05 03:33:58', true);
insert into posts (post_id, user_id, category_id, title, content, view_count, creation_date, is_published) values (33, 1, 2, 'Crime and Punishment', 'Integer tincidunt ante vel ipsum. Praesent blandit lacinia erat. Vestibulum sed magna at nunc commodo placerat.

Praesent blandit. Nam nulla. Integer pede justo, lacinia eget, tincidunt eget, tempus vel, pede.', 552, '2018-07-02 06:13:14', false);
insert into posts (post_id, user_id, category_id, title, content, view_count, creation_date, is_published) values (34, 1, 2, 'Hunger', 'Aenean fermentum. Donec ut mauris eget massa tempor convallis. Nulla neque libero, convallis eget, eleifend luctus, ultricies eu, nibh.', 822, '2004-11-22 13:41:01', false);
insert into posts (post_id, user_id, category_id, title, content, view_count, creation_date, is_published) values (35, 1, 3, '2081', 'Cras mi pede, malesuada in, imperdiet et, commodo vulputate, justo. In blandit ultrices enim. Lorem ipsum dolor sit amet, consectetuer adipiscing elit.', 499, '2000-11-26 14:48:25', true);
insert into posts (post_id, user_id, category_id, title, content, view_count, creation_date, is_published) values (36, 2, 1, 'Jackpot 2', 'Vestibulum quam sapien, varius ut, blandit non, interdum in, ante. Vestibulum ante ipsum primis in faucibus orci luctus et ultrices posuere cubilia Curae; Duis faucibus accumsan odio. Curabitur convallis.

Duis consequat dui nec nisi volutpat eleifend. Donec ut dolor. Morbi vel lectus in quam fringilla rhoncus.

Mauris enim leo, rhoncus sed, vestibulum sit amet, cursus id, turpis. Integer aliquet, massa id lobortis convallis, tortor risus dapibus augue, vel accumsan tellus nisi eu orci. Mauris lacinia sapien quis libero.', 351, '2017-11-15 04:59:44', false);
insert into posts (post_id, user_id, category_id, title, content, view_count, creation_date, is_published) values (37, 1, 3, 'George Lopez: America''s Mexican', 'Mauris enim leo, rhoncus sed, vestibulum sit amet, cursus id, turpis. Integer aliquet, massa id lobortis convallis, tortor risus dapibus augue, vel accumsan tellus nisi eu orci. Mauris lacinia sapien quis libero.

Nullam sit amet turpis elementum ligula vehicula consequat. Morbi a ipsum. Integer a nibh.

In quis justo. Maecenas rhoncus aliquam lacus. Morbi quis tortor id nulla ultrices aliquet.', 409, '2015-06-28 01:14:07', false);
insert into posts (post_id, user_id, category_id, title, content, view_count, creation_date, is_published) values (38, 1, 2, 'It Follows', 'Duis aliquam convallis nunc. Proin at turpis a pede posuere nonummy. Integer non velit.

Donec diam neque, vestibulum eget, vulputate ut, ultrices vel, augue. Vestibulum ante ipsum primis in faucibus orci luctus et ultrices posuere cubilia Curae; Donec pharetra, magna vestibulum aliquet ultrices, erat tortor sollicitudin mi, sit amet lobortis sapien sapien non mi. Integer ac neque.', 952, '2001-10-11 21:36:54', false);
insert into posts (post_id, user_id, category_id, title, content, view_count, creation_date, is_published) values (39, 1, 1, 'Tales from the Hood', 'Aenean fermentum. Donec ut mauris eget massa tempor convallis. Nulla neque libero, convallis eget, eleifend luctus, ultricies eu, nibh.

Quisque id justo sit amet sapien dignissim vestibulum. Vestibulum ante ipsum primis in faucibus orci luctus et ultrices posuere cubilia Curae; Nulla dapibus dolor vel est. Donec odio justo, sollicitudin ut, suscipit a, feugiat et, eros.

Vestibulum ac est lacinia nisi venenatis tristique. Fusce congue, diam id ornare imperdiet, sapien urna pretium nisl, ut volutpat sapien arcu sed augue. Aliquam erat volutpat.', 665, '2004-05-12 00:38:51', true);
insert into posts (post_id, user_id, category_id, title, content, view_count, creation_date, is_published) values (40, 2, 3, 'Cry ''Havoc''', 'In quis justo. Maecenas rhoncus aliquam lacus. Morbi quis tortor id nulla ultrices aliquet.

Maecenas leo odio, condimentum id, luctus nec, molestie sed, justo. Pellentesque viverra pede ac diam. Cras pellentesque volutpat dui.', 268, '2006-10-15 10:22:13', false);
insert into posts (post_id, user_id, category_id, title, content, view_count, creation_date, is_published) values (41, 1, 1, 'Teeth', 'Nullam sit amet turpis elementum ligula vehicula consequat. Morbi a ipsum. Integer a nibh.

In quis justo. Maecenas rhoncus aliquam lacus. Morbi quis tortor id nulla ultrices aliquet.', 814, '2019-10-27 00:19:01', true);
insert into posts (post_id, user_id, category_id, title, content, view_count, creation_date, is_published) values (42, 2, 1, 'Cries and Whispers (Viskningar och rop)', 'Sed sagittis. Nam congue, risus semper porta volutpat, quam pede lobortis ligula, sit amet eleifend pede libero quis orci. Nullam molestie nibh in lectus.

Pellentesque at nulla. Suspendisse potenti. Cras in purus eu magna vulputate luctus.', 664, '2001-02-03 22:29:56', true);
insert into posts (post_id, user_id, category_id, title, content, view_count, creation_date, is_published) values (43, 1, 2, 'Alex Cross', 'Aenean fermentum. Donec ut mauris eget massa tempor convallis. Nulla neque libero, convallis eget, eleifend luctus, ultricies eu, nibh.

Quisque id justo sit amet sapien dignissim vestibulum. Vestibulum ante ipsum primis in faucibus orci luctus et ultrices posuere cubilia Curae; Nulla dapibus dolor vel est. Donec odio justo, sollicitudin ut, suscipit a, feugiat et, eros.

Vestibulum ac est lacinia nisi venenatis tristique. Fusce congue, diam id ornare imperdiet, sapien urna pretium nisl, ut volutpat sapien arcu sed augue. Aliquam erat volutpat.', 739, '2012-09-05 06:33:54', false);
insert into posts (post_id, user_id, category_id, title, content, view_count, creation_date, is_published) values (44, 2, 2, 'Delgo', 'Curabitur gravida nisi at nibh. In hac habitasse platea dictumst. Aliquam augue quam, sollicitudin vitae, consectetuer eget, rutrum at, lorem.

Integer tincidunt ante vel ipsum. Praesent blandit lacinia erat. Vestibulum sed magna at nunc commodo placerat.

Praesent blandit. Nam nulla. Integer pede justo, lacinia eget, tincidunt eget, tempus vel, pede.', 770, '2003-01-22 10:13:37', true);
insert into posts (post_id, user_id, category_id, title, content, view_count, creation_date, is_published) values (45, 2, 3, 'They Live', 'In quis justo. Maecenas rhoncus aliquam lacus. Morbi quis tortor id nulla ultrices aliquet.

Maecenas leo odio, condimentum id, luctus nec, molestie sed, justo. Pellentesque viverra pede ac diam. Cras pellentesque volutpat dui.

Maecenas tristique, est et tempus semper, est quam pharetra magna, ac consequat metus sapien ut nunc. Vestibulum ante ipsum primis in faucibus orci luctus et ultrices posuere cubilia Curae; Mauris viverra diam vitae quam. Suspendisse potenti.', 75, '2005-01-31 10:39:42', true);
insert into posts (post_id, user_id, category_id, title, content, view_count, creation_date, is_published) values (46, 1, 3, 'Neverwas', 'Curabitur in libero ut massa volutpat convallis. Morbi odio odio, elementum eu, interdum eu, tincidunt in, leo. Maecenas pulvinar lobortis est.

Phasellus sit amet erat. Nulla tempus. Vivamus in felis eu sapien cursus vestibulum.

Proin eu mi. Nulla ac enim. In tempor, turpis nec euismod scelerisque, quam turpis adipiscing lorem, vitae mattis nibh ligula nec sem.', 831, '2017-10-05 08:09:17', true);
insert into posts (post_id, user_id, category_id, title, content, view_count, creation_date, is_published) values (47, 2, 3, 'Apartment for Peggy', 'Praesent id massa id nisl venenatis lacinia. Aenean sit amet justo. Morbi ut odio.

Cras mi pede, malesuada in, imperdiet et, commodo vulputate, justo. In blandit ultrices enim. Lorem ipsum dolor sit amet, consectetuer adipiscing elit.

Proin interdum mauris non ligula pellentesque ultrices. Phasellus id sapien in sapien iaculis congue. Vivamus metus arcu, adipiscing molestie, hendrerit at, vulputate vitae, nisl.', 118, '2007-03-03 03:32:53', true);
insert into posts (post_id, user_id, category_id, title, content, view_count, creation_date, is_published) values (48, 1, 1, 'Better Tomorrow, A (Ying hung boon sik)', 'Morbi non lectus. Aliquam sit amet diam in magna bibendum imperdiet. Nullam orci pede, venenatis non, sodales sed, tincidunt eu, felis.

Fusce posuere felis sed lacus. Morbi sem mauris, laoreet ut, rhoncus aliquet, pulvinar sed, nisl. Nunc rhoncus dui vel sem.

Sed sagittis. Nam congue, risus semper porta volutpat, quam pede lobortis ligula, sit amet eleifend pede libero quis orci. Nullam molestie nibh in lectus.', 557, '2004-12-15 14:36:10', true);
insert into posts (post_id, user_id, category_id, title, content, view_count, creation_date, is_published) values (49, 2, 3, 'The Pool Boys', 'Curabitur in libero ut massa volutpat convallis. Morbi odio odio, elementum eu, interdum eu, tincidunt in, leo. Maecenas pulvinar lobortis est.

Phasellus sit amet erat. Nulla tempus. Vivamus in felis eu sapien cursus vestibulum.', 788, '2010-09-24 00:01:35', false);
insert into posts (post_id, user_id, category_id, title, content, view_count, creation_date, is_published) values (50, 2, 3, 'Beauty and the Beast (Beauty and the Beasts: A Dar', 'In congue. Etiam justo. Etiam pretium iaculis justo.', 861, '2003-11-24 09:09:29', false);



-- comments tablosunda farklı gönderilere ait, farklı kullanıcılara ait veya kullanıcısı olmayan toplam minimum 250 yorum bulunmalıdır.
-- insert 250 comments into comments table

insert into comments (comment_id, post_id, user_id, comment, creation_date, is_confirmed) values (1, 10, 2, 'Morbi sem mauris, laoreet ut, rhoncus aliquet, pulvinar sed, nisl. Nunc rhoncus dui vel sem. Sed sagittis. Nam congue, risus semper porta volutpat, quam pede lobortis ligula, sit amet eleifend pede libero quis orci.', '2003-06-28 11:47:57', false);
insert into comments (comment_id, post_id, user_id, comment, creation_date, is_confirmed) values (2, 7, 2, 'Phasellus id sapien in sapien iaculis congue.', '2009-12-28 05:15:35', false);
insert into comments (comment_id, post_id, user_id, comment, creation_date, is_confirmed) values (3, 23, null, 'Vivamus vel nulla eget eros elementum pellentesque. Quisque porta volutpat erat. Quisque erat eros, viverra eget, congue eget, semper rutrum, nulla. Nunc purus. Phasellus in felis. Donec semper sapien a libero. Nam dui.', '2001-03-30 05:11:08', true);
insert into comments (comment_id, post_id, user_id, comment, creation_date, is_confirmed) values (4, 46, 1, 'Duis bibendum. Morbi non quam nec dui luctus rutrum. Nulla tellus. In sagittis dui vel nisl. Duis ac nibh.', '2021-01-22 03:49:51', false);
insert into comments (comment_id, post_id, user_id, comment, creation_date, is_confirmed) values (5, 46, 2, 'Nunc nisl. Duis bibendum, felis sed interdum venenatis, turpis enim blandit mi, in porttitor pede justo eu massa. Donec dapibus.', '2021-05-25 05:36:36', true);
insert into comments (comment_id, post_id, user_id, comment, creation_date, is_confirmed) values (6, 22, 2, 'Nunc purus. Phasellus in felis. Donec semper sapien a libero. Nam dui.', '2019-08-16 08:14:28', false);
insert into comments (comment_id, post_id, user_id, comment, creation_date, is_confirmed) values (7, 40, 1, 'Vivamus metus arcu, adipiscing molestie, hendrerit at, vulputate vitae, nisl.', '2006-03-08 14:11:53', true);
insert into comments (comment_id, post_id, user_id, comment, creation_date, is_confirmed) values (8, 14, null, 'Donec ut mauris eget massa tempor convallis. Nulla neque libero, convallis eget, eleifend luctus, ultricies eu, nibh. Quisque id justo sit amet sapien dignissim vestibulum. Vestibulum ante ipsum primis in faucibus orci luctus et ultrices posuere cubilia Curae; Nulla dapibus dolor vel est. Donec odio justo, sollicitudin ut, suscipit a, feugiat et, eros. Vestibulum ac est lacinia nisi venenatis tristique. Fusce congue, diam id ornare imperdiet, sapien urna pretium nisl, ut volutpat sapien arcu sed augue.', '2017-03-08 03:00:01', true);
insert into comments (comment_id, post_id, user_id, comment, creation_date, is_confirmed) values (9, 6, 2, 'Vestibulum rutrum rutrum neque. Aenean auctor gravida sem. Praesent id massa id nisl venenatis lacinia. Aenean sit amet justo. Morbi ut odio.', '2015-05-21 16:23:29', false);
insert into comments (comment_id, post_id, user_id, comment, creation_date, is_confirmed) values (10, 21, 1, 'Vivamus vel nulla eget eros elementum pellentesque. Quisque porta volutpat erat.', '2009-12-19 14:27:45', true);
insert into comments (comment_id, post_id, user_id, comment, creation_date, is_confirmed) values (11, 13, null, 'Donec odio justo, sollicitudin ut, suscipit a, feugiat et, eros. Vestibulum ac est lacinia nisi venenatis tristique. Fusce congue, diam id ornare imperdiet, sapien urna pretium nisl, ut volutpat sapien arcu sed augue. Aliquam erat volutpat. In congue. Etiam justo. Etiam pretium iaculis justo. In hac habitasse platea dictumst.', '2002-06-07 10:58:55', true);
insert into comments (comment_id, post_id, user_id, comment, creation_date, is_confirmed) values (12, 21, 2, 'In quis justo. Maecenas rhoncus aliquam lacus.', '2020-11-04 22:19:51', true);
insert into comments (comment_id, post_id, user_id, comment, creation_date, is_confirmed) values (13, 21, 1, 'Maecenas rhoncus aliquam lacus. Morbi quis tortor id nulla ultrices aliquet. Maecenas leo odio, condimentum id, luctus nec, molestie sed, justo. Pellentesque viverra pede ac diam. Cras pellentesque volutpat dui. Maecenas tristique, est et tempus semper, est quam pharetra magna, ac consequat metus sapien ut nunc.', '2005-07-16 02:42:31', true);
insert into comments (comment_id, post_id, user_id, comment, creation_date, is_confirmed) values (14, 8, 2, 'Quisque erat eros, viverra eget, congue eget, semper rutrum, nulla. Nunc purus. Phasellus in felis. Donec semper sapien a libero. Nam dui. Proin leo odio, porttitor id, consequat in, consequat ut, nulla.', '2018-08-10 21:58:58', false);
insert into comments (comment_id, post_id, user_id, comment, creation_date, is_confirmed) values (15, 32, 1, 'Vestibulum ante ipsum primis in faucibus orci luctus et ultrices posuere cubilia Curae; Nulla dapibus dolor vel est. Donec odio justo, sollicitudin ut, suscipit a, feugiat et, eros.', '2015-02-11 06:34:28', true);
insert into comments (comment_id, post_id, user_id, comment, creation_date, is_confirmed) values (16, 47, 1, 'Nulla nisl.', '2005-01-09 19:40:15', false);
insert into comments (comment_id, post_id, user_id, comment, creation_date, is_confirmed) values (17, 19, 1, 'In blandit ultrices enim. Lorem ipsum dolor sit amet, consectetuer adipiscing elit. Proin interdum mauris non ligula pellentesque ultrices. Phasellus id sapien in sapien iaculis congue. Vivamus metus arcu, adipiscing molestie, hendrerit at, vulputate vitae, nisl. Aenean lectus. Pellentesque eget nunc. Donec quis orci eget orci vehicula condimentum. Curabitur in libero ut massa volutpat convallis. Morbi odio odio, elementum eu, interdum eu, tincidunt in, leo.', '2007-07-15 07:53:52', false);
insert into comments (comment_id, post_id, user_id, comment, creation_date, is_confirmed) values (18, 23, 1, 'Lorem ipsum dolor sit amet, consectetuer adipiscing elit. Proin risus. Praesent lectus.', '2021-10-02 21:41:42', false);
insert into comments (comment_id, post_id, user_id, comment, creation_date, is_confirmed) values (19, 35, 1, 'Praesent id massa id nisl venenatis lacinia. Aenean sit amet justo. Morbi ut odio. Cras mi pede, malesuada in, imperdiet et, commodo vulputate, justo. In blandit ultrices enim. Lorem ipsum dolor sit amet, consectetuer adipiscing elit. Proin interdum mauris non ligula pellentesque ultrices. Phasellus id sapien in sapien iaculis congue. Vivamus metus arcu, adipiscing molestie, hendrerit at, vulputate vitae, nisl. Aenean lectus.', '2009-05-26 22:58:23', false);
insert into comments (comment_id, post_id, user_id, comment, creation_date, is_confirmed) values (20, 50, null, 'Suspendisse potenti. Nullam porttitor lacus at turpis. Donec posuere metus vitae ipsum.', '2000-01-02 23:24:31', false);
insert into comments (comment_id, post_id, user_id, comment, creation_date, is_confirmed) values (21, 27, 2, 'Aliquam non mauris.', '2005-07-08 03:31:49', false);
insert into comments (comment_id, post_id, user_id, comment, creation_date, is_confirmed) values (22, 19, 1, 'Praesent id massa id nisl venenatis lacinia. Aenean sit amet justo. Morbi ut odio. Cras mi pede, malesuada in, imperdiet et, commodo vulputate, justo. In blandit ultrices enim. Lorem ipsum dolor sit amet, consectetuer adipiscing elit. Proin interdum mauris non ligula pellentesque ultrices. Phasellus id sapien in sapien iaculis congue. Vivamus metus arcu, adipiscing molestie, hendrerit at, vulputate vitae, nisl. Aenean lectus.', '2007-12-15 03:00:16', true);
insert into comments (comment_id, post_id, user_id, comment, creation_date, is_confirmed) values (23, 44, 1, 'Maecenas rhoncus aliquam lacus. Morbi quis tortor id nulla ultrices aliquet. Maecenas leo odio, condimentum id, luctus nec, molestie sed, justo.', '2009-01-28 23:59:41', false);
insert into comments (comment_id, post_id, user_id, comment, creation_date, is_confirmed) values (24, 22, null, 'Duis aliquam convallis nunc. Proin at turpis a pede posuere nonummy. Integer non velit. Donec diam neque, vestibulum eget, vulputate ut, ultrices vel, augue. Vestibulum ante ipsum primis in faucibus orci luctus et ultrices posuere cubilia Curae; Donec pharetra, magna vestibulum aliquet ultrices, erat tortor sollicitudin mi, sit amet lobortis sapien sapien non mi. Integer ac neque. Duis bibendum. Morbi non quam nec dui luctus rutrum. Nulla tellus. In sagittis dui vel nisl.', '2020-05-10 20:02:26', false);
insert into comments (comment_id, post_id, user_id, comment, creation_date, is_confirmed) values (25, 17, null, 'In blandit ultrices enim. Lorem ipsum dolor sit amet, consectetuer adipiscing elit. Proin interdum mauris non ligula pellentesque ultrices. Phasellus id sapien in sapien iaculis congue. Vivamus metus arcu, adipiscing molestie, hendrerit at, vulputate vitae, nisl. Aenean lectus. Pellentesque eget nunc. Donec quis orci eget orci vehicula condimentum.', '2000-02-19 00:11:08', true);
insert into comments (comment_id, post_id, user_id, comment, creation_date, is_confirmed) values (26, 39, 2, 'In hac habitasse platea dictumst. Morbi vestibulum, velit id pretium iaculis, diam erat fermentum justo, nec condimentum neque sapien placerat ante. Nulla justo. Aliquam quis turpis eget elit sodales scelerisque. Mauris sit amet eros. Suspendisse accumsan tortor quis turpis. Sed ante.', '2019-09-15 03:41:37', false);
insert into comments (comment_id, post_id, user_id, comment, creation_date, is_confirmed) values (27, 3, 1, 'Vestibulum rutrum rutrum neque. Aenean auctor gravida sem. Praesent id massa id nisl venenatis lacinia. Aenean sit amet justo. Morbi ut odio. Cras mi pede, malesuada in, imperdiet et, commodo vulputate, justo.', '2014-05-26 14:33:11', false);
insert into comments (comment_id, post_id, user_id, comment, creation_date, is_confirmed) values (28, 18, null, 'Praesent lectus. Vestibulum quam sapien, varius ut, blandit non, interdum in, ante. Vestibulum ante ipsum primis in faucibus orci luctus et ultrices posuere cubilia Curae; Duis faucibus accumsan odio. Curabitur convallis. Duis consequat dui nec nisi volutpat eleifend. Donec ut dolor. Morbi vel lectus in quam fringilla rhoncus.', '2003-12-20 23:00:47', false);
insert into comments (comment_id, post_id, user_id, comment, creation_date, is_confirmed) values (29, 23, null, 'Pellentesque viverra pede ac diam. Cras pellentesque volutpat dui. Maecenas tristique, est et tempus semper, est quam pharetra magna, ac consequat metus sapien ut nunc. Vestibulum ante ipsum primis in faucibus orci luctus et ultrices posuere cubilia Curae; Mauris viverra diam vitae quam. Suspendisse potenti. Nullam porttitor lacus at turpis. Donec posuere metus vitae ipsum. Aliquam non mauris. Morbi non lectus.', '2013-06-30 07:01:26', false);
insert into comments (comment_id, post_id, user_id, comment, creation_date, is_confirmed) values (30, 18, null, 'Quisque id justo sit amet sapien dignissim vestibulum. Vestibulum ante ipsum primis in faucibus orci luctus et ultrices posuere cubilia Curae; Nulla dapibus dolor vel est. Donec odio justo, sollicitudin ut, suscipit a, feugiat et, eros. Vestibulum ac est lacinia nisi venenatis tristique. Fusce congue, diam id ornare imperdiet, sapien urna pretium nisl, ut volutpat sapien arcu sed augue. Aliquam erat volutpat. In congue. Etiam justo.', '2018-07-27 22:56:39', false);
insert into comments (comment_id, post_id, user_id, comment, creation_date, is_confirmed) values (31, 34, 2, 'Maecenas leo odio, condimentum id, luctus nec, molestie sed, justo. Pellentesque viverra pede ac diam.', '2021-07-29 21:44:11', true);
insert into comments (comment_id, post_id, user_id, comment, creation_date, is_confirmed) values (32, 37, 2, 'Duis ac nibh.', '2019-02-25 21:18:20', false);
insert into comments (comment_id, post_id, user_id, comment, creation_date, is_confirmed) values (33, 40, null, 'Suspendisse potenti. Cras in purus eu magna vulputate luctus. Cum sociis natoque penatibus et magnis dis parturient montes, nascetur ridiculus mus. Vivamus vestibulum sagittis sapien. Cum sociis natoque penatibus et magnis dis parturient montes, nascetur ridiculus mus. Etiam vel augue. Vestibulum rutrum rutrum neque. Aenean auctor gravida sem. Praesent id massa id nisl venenatis lacinia.', '2006-03-31 01:39:30', true);
insert into comments (comment_id, post_id, user_id, comment, creation_date, is_confirmed) values (34, 34, null, 'Morbi vel lectus in quam fringilla rhoncus. Mauris enim leo, rhoncus sed, vestibulum sit amet, cursus id, turpis. Integer aliquet, massa id lobortis convallis, tortor risus dapibus augue, vel accumsan tellus nisi eu orci. Mauris lacinia sapien quis libero. Nullam sit amet turpis elementum ligula vehicula consequat.', '2005-03-25 04:02:12', false);
insert into comments (comment_id, post_id, user_id, comment, creation_date, is_confirmed) values (35, 37, 2, 'Quisque id justo sit amet sapien dignissim vestibulum. Vestibulum ante ipsum primis in faucibus orci luctus et ultrices posuere cubilia Curae; Nulla dapibus dolor vel est. Donec odio justo, sollicitudin ut, suscipit a, feugiat et, eros. Vestibulum ac est lacinia nisi venenatis tristique. Fusce congue, diam id ornare imperdiet, sapien urna pretium nisl, ut volutpat sapien arcu sed augue.', '2018-08-01 11:41:15', false);
insert into comments (comment_id, post_id, user_id, comment, creation_date, is_confirmed) values (36, 8, 1, 'Integer non velit. Donec diam neque, vestibulum eget, vulputate ut, ultrices vel, augue. Vestibulum ante ipsum primis in faucibus orci luctus et ultrices posuere cubilia Curae; Donec pharetra, magna vestibulum aliquet ultrices, erat tortor sollicitudin mi, sit amet lobortis sapien sapien non mi. Integer ac neque. Duis bibendum. Morbi non quam nec dui luctus rutrum.', '2010-06-23 05:40:12', false);
insert into comments (comment_id, post_id, user_id, comment, creation_date, is_confirmed) values (37, 18, 2, 'In quis justo. Maecenas rhoncus aliquam lacus. Morbi quis tortor id nulla ultrices aliquet. Maecenas leo odio, condimentum id, luctus nec, molestie sed, justo. Pellentesque viverra pede ac diam. Cras pellentesque volutpat dui. Maecenas tristique, est et tempus semper, est quam pharetra magna, ac consequat metus sapien ut nunc. Vestibulum ante ipsum primis in faucibus orci luctus et ultrices posuere cubilia Curae; Mauris viverra diam vitae quam. Suspendisse potenti. Nullam porttitor lacus at turpis.', '2014-01-17 09:25:38', true);
insert into comments (comment_id, post_id, user_id, comment, creation_date, is_confirmed) values (38, 30, null, 'Fusce lacus purus, aliquet at, feugiat non, pretium quis, lectus. Suspendisse potenti. In eleifend quam a odio. In hac habitasse platea dictumst. Maecenas ut massa quis augue luctus tincidunt. Nulla mollis molestie lorem. Quisque ut erat.', '2010-01-28 14:26:03', true);
insert into comments (comment_id, post_id, user_id, comment, creation_date, is_confirmed) values (39, 10, 1, 'Donec posuere metus vitae ipsum. Aliquam non mauris. Morbi non lectus. Aliquam sit amet diam in magna bibendum imperdiet. Nullam orci pede, venenatis non, sodales sed, tincidunt eu, felis. Fusce posuere felis sed lacus.', '2015-01-05 04:14:08', false);
insert into comments (comment_id, post_id, user_id, comment, creation_date, is_confirmed) values (40, 15, 1, 'Ut tellus. Nulla ut erat id mauris vulputate elementum. Nullam varius. Nulla facilisi. Cras non velit nec nisi vulputate nonummy. Maecenas tincidunt lacus at velit. Vivamus vel nulla eget eros elementum pellentesque. Quisque porta volutpat erat. Quisque erat eros, viverra eget, congue eget, semper rutrum, nulla. Nunc purus.', '2016-01-29 11:15:20', true);
insert into comments (comment_id, post_id, user_id, comment, creation_date, is_confirmed) values (41, 39, 1, 'Mauris sit amet eros. Suspendisse accumsan tortor quis turpis. Sed ante. Vivamus tortor.', '2015-08-08 12:24:17', true);
insert into comments (comment_id, post_id, user_id, comment, creation_date, is_confirmed) values (42, 9, 1, 'Suspendisse potenti. Nullam porttitor lacus at turpis. Donec posuere metus vitae ipsum. Aliquam non mauris. Morbi non lectus. Aliquam sit amet diam in magna bibendum imperdiet. Nullam orci pede, venenatis non, sodales sed, tincidunt eu, felis. Fusce posuere felis sed lacus. Morbi sem mauris, laoreet ut, rhoncus aliquet, pulvinar sed, nisl.', '2004-01-20 22:33:06', true);
insert into comments (comment_id, post_id, user_id, comment, creation_date, is_confirmed) values (43, 8, 2, 'Pellentesque at nulla. Suspendisse potenti. Cras in purus eu magna vulputate luctus. Cum sociis natoque penatibus et magnis dis parturient montes, nascetur ridiculus mus. Vivamus vestibulum sagittis sapien. Cum sociis natoque penatibus et magnis dis parturient montes, nascetur ridiculus mus. Etiam vel augue. Vestibulum rutrum rutrum neque. Aenean auctor gravida sem.', '2009-10-18 00:49:41', false);
insert into comments (comment_id, post_id, user_id, comment, creation_date, is_confirmed) values (44, 32, 1, 'Morbi non lectus. Aliquam sit amet diam in magna bibendum imperdiet. Nullam orci pede, venenatis non, sodales sed, tincidunt eu, felis. Fusce posuere felis sed lacus. Morbi sem mauris, laoreet ut, rhoncus aliquet, pulvinar sed, nisl. Nunc rhoncus dui vel sem. Sed sagittis. Nam congue, risus semper porta volutpat, quam pede lobortis ligula, sit amet eleifend pede libero quis orci.', '2004-06-09 13:07:40', false);
insert into comments (comment_id, post_id, user_id, comment, creation_date, is_confirmed) values (45, 48, null, 'Fusce consequat.', '2011-02-03 12:54:09', true);
insert into comments (comment_id, post_id, user_id, comment, creation_date, is_confirmed) values (46, 1, 2, 'Nulla justo. Aliquam quis turpis eget elit sodales scelerisque. Mauris sit amet eros. Suspendisse accumsan tortor quis turpis. Sed ante. Vivamus tortor. Duis mattis egestas metus. Aenean fermentum.', '2010-08-19 07:30:50', false);
insert into comments (comment_id, post_id, user_id, comment, creation_date, is_confirmed) values (47, 29, null, 'Morbi a ipsum. Integer a nibh. In quis justo. Maecenas rhoncus aliquam lacus. Morbi quis tortor id nulla ultrices aliquet. Maecenas leo odio, condimentum id, luctus nec, molestie sed, justo. Pellentesque viverra pede ac diam. Cras pellentesque volutpat dui. Maecenas tristique, est et tempus semper, est quam pharetra magna, ac consequat metus sapien ut nunc. Vestibulum ante ipsum primis in faucibus orci luctus et ultrices posuere cubilia Curae; Mauris viverra diam vitae quam.', '2007-10-30 01:52:31', true);
insert into comments (comment_id, post_id, user_id, comment, creation_date, is_confirmed) values (48, 17, null, 'Pellentesque eget nunc. Donec quis orci eget orci vehicula condimentum. Curabitur in libero ut massa volutpat convallis. Morbi odio odio, elementum eu, interdum eu, tincidunt in, leo. Maecenas pulvinar lobortis est. Phasellus sit amet erat. Nulla tempus. Vivamus in felis eu sapien cursus vestibulum. Proin eu mi. Nulla ac enim.', '2015-02-19 03:42:38', false);
insert into comments (comment_id, post_id, user_id, comment, creation_date, is_confirmed) values (49, 27, null, 'Nam nulla. Integer pede justo, lacinia eget, tincidunt eget, tempus vel, pede. Morbi porttitor lorem id ligula. Suspendisse ornare consequat lectus.', '2001-06-16 21:51:23', true);
insert into comments (comment_id, post_id, user_id, comment, creation_date, is_confirmed) values (50, 15, 2, 'Quisque ut erat. Curabitur gravida nisi at nibh. In hac habitasse platea dictumst. Aliquam augue quam, sollicitudin vitae, consectetuer eget, rutrum at, lorem. Integer tincidunt ante vel ipsum. Praesent blandit lacinia erat. Vestibulum sed magna at nunc commodo placerat. Praesent blandit.', '2016-08-10 22:22:37', false);
insert into comments (comment_id, post_id, user_id, comment, creation_date, is_confirmed) values (51, 50, 2, 'Nulla tellus. In sagittis dui vel nisl. Duis ac nibh.', '2017-03-05 04:24:46', false);
insert into comments (comment_id, post_id, user_id, comment, creation_date, is_confirmed) values (52, 50, 2, 'Nulla tellus. In sagittis dui vel nisl. Duis ac nibh. Fusce lacus purus, aliquet at, feugiat non, pretium quis, lectus.', '2002-10-13 16:51:04', false);
insert into comments (comment_id, post_id, user_id, comment, creation_date, is_confirmed) values (53, 38, 1, 'Aenean fermentum. Donec ut mauris eget massa tempor convallis. Nulla neque libero, convallis eget, eleifend luctus, ultricies eu, nibh. Quisque id justo sit amet sapien dignissim vestibulum. Vestibulum ante ipsum primis in faucibus orci luctus et ultrices posuere cubilia Curae; Nulla dapibus dolor vel est. Donec odio justo, sollicitudin ut, suscipit a, feugiat et, eros. Vestibulum ac est lacinia nisi venenatis tristique. Fusce congue, diam id ornare imperdiet, sapien urna pretium nisl, ut volutpat sapien arcu sed augue. Aliquam erat volutpat.', '2011-06-25 20:17:50', true);
insert into comments (comment_id, post_id, user_id, comment, creation_date, is_confirmed) values (54, 18, 1, 'In hac habitasse platea dictumst. Maecenas ut massa quis augue luctus tincidunt. Nulla mollis molestie lorem. Quisque ut erat. Curabitur gravida nisi at nibh. In hac habitasse platea dictumst. Aliquam augue quam, sollicitudin vitae, consectetuer eget, rutrum at, lorem. Integer tincidunt ante vel ipsum. Praesent blandit lacinia erat. Vestibulum sed magna at nunc commodo placerat.', '2012-06-02 03:22:36', true);
insert into comments (comment_id, post_id, user_id, comment, creation_date, is_confirmed) values (55, 36, 2, 'Proin interdum mauris non ligula pellentesque ultrices. Phasellus id sapien in sapien iaculis congue. Vivamus metus arcu, adipiscing molestie, hendrerit at, vulputate vitae, nisl. Aenean lectus. Pellentesque eget nunc.', '2003-08-09 06:58:20', true);
insert into comments (comment_id, post_id, user_id, comment, creation_date, is_confirmed) values (56, 11, 2, 'In sagittis dui vel nisl. Duis ac nibh. Fusce lacus purus, aliquet at, feugiat non, pretium quis, lectus. Suspendisse potenti. In eleifend quam a odio. In hac habitasse platea dictumst. Maecenas ut massa quis augue luctus tincidunt. Nulla mollis molestie lorem. Quisque ut erat.', '2014-01-08 11:22:47', true);
insert into comments (comment_id, post_id, user_id, comment, creation_date, is_confirmed) values (57, 36, 2, 'Pellentesque eget nunc. Donec quis orci eget orci vehicula condimentum. Curabitur in libero ut massa volutpat convallis. Morbi odio odio, elementum eu, interdum eu, tincidunt in, leo. Maecenas pulvinar lobortis est. Phasellus sit amet erat. Nulla tempus.', '2007-05-12 06:59:40', true);
insert into comments (comment_id, post_id, user_id, comment, creation_date, is_confirmed) values (58, 41, 2, 'Lorem ipsum dolor sit amet, consectetuer adipiscing elit. Proin interdum mauris non ligula pellentesque ultrices. Phasellus id sapien in sapien iaculis congue. Vivamus metus arcu, adipiscing molestie, hendrerit at, vulputate vitae, nisl.', '2002-11-18 15:33:26', false);
insert into comments (comment_id, post_id, user_id, comment, creation_date, is_confirmed) values (59, 15, null, 'In quis justo. Maecenas rhoncus aliquam lacus.', '2018-07-01 14:56:07', true);
insert into comments (comment_id, post_id, user_id, comment, creation_date, is_confirmed) values (60, 11, 1, 'Morbi porttitor lorem id ligula. Suspendisse ornare consequat lectus. In est risus, auctor sed, tristique in, tempus sit amet, sem. Fusce consequat. Nulla nisl.', '2010-06-16 20:28:12', true);
insert into comments (comment_id, post_id, user_id, comment, creation_date, is_confirmed) values (61, 28, null, 'In hac habitasse platea dictumst. Maecenas ut massa quis augue luctus tincidunt. Nulla mollis molestie lorem. Quisque ut erat.', '2006-08-07 14:25:41', true);
insert into comments (comment_id, post_id, user_id, comment, creation_date, is_confirmed) values (62, 30, 2, 'Pellentesque ultrices mattis odio. Donec vitae nisi. Nam ultrices, libero non mattis pulvinar, nulla pede ullamcorper augue, a suscipit nulla elit ac nulla.', '2005-04-19 22:57:22', true);
insert into comments (comment_id, post_id, user_id, comment, creation_date, is_confirmed) values (63, 43, 2, 'Nulla mollis molestie lorem. Quisque ut erat. Curabitur gravida nisi at nibh.', '2019-02-08 09:54:53', true);
insert into comments (comment_id, post_id, user_id, comment, creation_date, is_confirmed) values (64, 13, 1, 'Cum sociis natoque penatibus et magnis dis parturient montes, nascetur ridiculus mus. Etiam vel augue. Vestibulum rutrum rutrum neque. Aenean auctor gravida sem. Praesent id massa id nisl venenatis lacinia. Aenean sit amet justo. Morbi ut odio. Cras mi pede, malesuada in, imperdiet et, commodo vulputate, justo. In blandit ultrices enim.', '2014-06-20 09:07:37', true);
insert into comments (comment_id, post_id, user_id, comment, creation_date, is_confirmed) values (65, 11, null, 'Mauris enim leo, rhoncus sed, vestibulum sit amet, cursus id, turpis. Integer aliquet, massa id lobortis convallis, tortor risus dapibus augue, vel accumsan tellus nisi eu orci. Mauris lacinia sapien quis libero. Nullam sit amet turpis elementum ligula vehicula consequat. Morbi a ipsum. Integer a nibh. In quis justo. Maecenas rhoncus aliquam lacus.', '2004-08-26 14:58:59', true);
insert into comments (comment_id, post_id, user_id, comment, creation_date, is_confirmed) values (66, 11, 2, 'Maecenas ut massa quis augue luctus tincidunt. Nulla mollis molestie lorem. Quisque ut erat. Curabitur gravida nisi at nibh. In hac habitasse platea dictumst. Aliquam augue quam, sollicitudin vitae, consectetuer eget, rutrum at, lorem. Integer tincidunt ante vel ipsum. Praesent blandit lacinia erat. Vestibulum sed magna at nunc commodo placerat. Praesent blandit.', '2010-02-14 12:13:24', true);
insert into comments (comment_id, post_id, user_id, comment, creation_date, is_confirmed) values (67, 25, 1, 'In hac habitasse platea dictumst. Aliquam augue quam, sollicitudin vitae, consectetuer eget, rutrum at, lorem.', '2001-01-10 15:22:07', false);
insert into comments (comment_id, post_id, user_id, comment, creation_date, is_confirmed) values (68, 32, 2, 'Vivamus tortor. Duis mattis egestas metus. Aenean fermentum.', '2021-07-12 20:47:05', true);
insert into comments (comment_id, post_id, user_id, comment, creation_date, is_confirmed) values (69, 40, 1, 'Etiam pretium iaculis justo. In hac habitasse platea dictumst. Etiam faucibus cursus urna. Ut tellus.', '2012-12-09 23:14:52', true);
insert into comments (comment_id, post_id, user_id, comment, creation_date, is_confirmed) values (70, 37, 2, 'Vestibulum sed magna at nunc commodo placerat. Praesent blandit.', '2001-05-19 11:38:15', true);
insert into comments (comment_id, post_id, user_id, comment, creation_date, is_confirmed) values (71, 28, 1, 'Aliquam erat volutpat. In congue. Etiam justo. Etiam pretium iaculis justo. In hac habitasse platea dictumst. Etiam faucibus cursus urna.', '2016-11-15 11:49:34', true);
insert into comments (comment_id, post_id, user_id, comment, creation_date, is_confirmed) values (72, 26, 2, 'Nam nulla. Integer pede justo, lacinia eget, tincidunt eget, tempus vel, pede. Morbi porttitor lorem id ligula. Suspendisse ornare consequat lectus. In est risus, auctor sed, tristique in, tempus sit amet, sem. Fusce consequat. Nulla nisl. Nunc nisl.', '2019-01-06 11:14:51', true);
insert into comments (comment_id, post_id, user_id, comment, creation_date, is_confirmed) values (73, 7, null, 'Nam congue, risus semper porta volutpat, quam pede lobortis ligula, sit amet eleifend pede libero quis orci. Nullam molestie nibh in lectus. Pellentesque at nulla. Suspendisse potenti. Cras in purus eu magna vulputate luctus. Cum sociis natoque penatibus et magnis dis parturient montes, nascetur ridiculus mus. Vivamus vestibulum sagittis sapien.', '2020-08-30 22:37:44', false);
insert into comments (comment_id, post_id, user_id, comment, creation_date, is_confirmed) values (74, 33, 1, 'Vestibulum sed magna at nunc commodo placerat.', '2009-05-13 10:33:36', false);
insert into comments (comment_id, post_id, user_id, comment, creation_date, is_confirmed) values (75, 36, 2, 'Sed accumsan felis. Ut at dolor quis odio consequat varius. Integer ac leo. Pellentesque ultrices mattis odio. Donec vitae nisi. Nam ultrices, libero non mattis pulvinar, nulla pede ullamcorper augue, a suscipit nulla elit ac nulla. Sed vel enim sit amet nunc viverra dapibus. Nulla suscipit ligula in lacus. Curabitur at ipsum ac tellus semper interdum.', '2011-11-22 08:44:36', true);
insert into comments (comment_id, post_id, user_id, comment, creation_date, is_confirmed) values (76, 6, 1, 'Aliquam quis turpis eget elit sodales scelerisque. Mauris sit amet eros.', '2004-09-20 11:40:26', true);
insert into comments (comment_id, post_id, user_id, comment, creation_date, is_confirmed) values (77, 2, 1, 'Donec dapibus. Duis at velit eu est congue elementum. In hac habitasse platea dictumst.', '2012-06-09 17:54:08', true);
insert into comments (comment_id, post_id, user_id, comment, creation_date, is_confirmed) values (78, 9, 2, 'Mauris sit amet eros. Suspendisse accumsan tortor quis turpis.', '2005-04-30 15:56:52', true);
insert into comments (comment_id, post_id, user_id, comment, creation_date, is_confirmed) values (79, 45, null, 'Donec dapibus. Duis at velit eu est congue elementum. In hac habitasse platea dictumst. Morbi vestibulum, velit id pretium iaculis, diam erat fermentum justo, nec condimentum neque sapien placerat ante. Nulla justo. Aliquam quis turpis eget elit sodales scelerisque. Mauris sit amet eros.', '2021-11-21 02:18:18', true);
insert into comments (comment_id, post_id, user_id, comment, creation_date, is_confirmed) values (80, 4, null, 'Suspendisse ornare consequat lectus. In est risus, auctor sed, tristique in, tempus sit amet, sem. Fusce consequat. Nulla nisl. Nunc nisl.', '2003-03-07 03:25:35', false);
insert into comments (comment_id, post_id, user_id, comment, creation_date, is_confirmed) values (81, 41, 2, 'Lorem ipsum dolor sit amet, consectetuer adipiscing elit. Proin interdum mauris non ligula pellentesque ultrices. Phasellus id sapien in sapien iaculis congue. Vivamus metus arcu, adipiscing molestie, hendrerit at, vulputate vitae, nisl. Aenean lectus. Pellentesque eget nunc.', '2020-08-18 16:39:59', false);
insert into comments (comment_id, post_id, user_id, comment, creation_date, is_confirmed) values (82, 38, null, 'Donec semper sapien a libero. Nam dui. Proin leo odio, porttitor id, consequat in, consequat ut, nulla.', '2021-12-06 09:30:16', true);
insert into comments (comment_id, post_id, user_id, comment, creation_date, is_confirmed) values (83, 47, 1, 'Vivamus vel nulla eget eros elementum pellentesque. Quisque porta volutpat erat. Quisque erat eros, viverra eget, congue eget, semper rutrum, nulla. Nunc purus. Phasellus in felis. Donec semper sapien a libero. Nam dui.', '2000-08-21 08:07:33', false);
insert into comments (comment_id, post_id, user_id, comment, creation_date, is_confirmed) values (84, 9, 2, 'Cras pellentesque volutpat dui. Maecenas tristique, est et tempus semper, est quam pharetra magna, ac consequat metus sapien ut nunc. Vestibulum ante ipsum primis in faucibus orci luctus et ultrices posuere cubilia Curae; Mauris viverra diam vitae quam.', '2008-11-05 05:11:07', false);
insert into comments (comment_id, post_id, user_id, comment, creation_date, is_confirmed) values (85, 36, 1, 'Proin at turpis a pede posuere nonummy. Integer non velit. Donec diam neque, vestibulum eget, vulputate ut, ultrices vel, augue. Vestibulum ante ipsum primis in faucibus orci luctus et ultrices posuere cubilia Curae; Donec pharetra, magna vestibulum aliquet ultrices, erat tortor sollicitudin mi, sit amet lobortis sapien sapien non mi. Integer ac neque. Duis bibendum. Morbi non quam nec dui luctus rutrum.', '2012-07-10 20:44:00', false);
insert into comments (comment_id, post_id, user_id, comment, creation_date, is_confirmed) values (86, 19, 1, 'Donec semper sapien a libero. Nam dui. Proin leo odio, porttitor id, consequat in, consequat ut, nulla. Sed accumsan felis. Ut at dolor quis odio consequat varius. Integer ac leo. Pellentesque ultrices mattis odio.', '2020-12-08 23:36:57', false);
insert into comments (comment_id, post_id, user_id, comment, creation_date, is_confirmed) values (87, 11, null, 'Nullam molestie nibh in lectus. Pellentesque at nulla.', '2007-02-23 00:55:43', true);
insert into comments (comment_id, post_id, user_id, comment, creation_date, is_confirmed) values (88, 19, 2, 'Nam dui. Proin leo odio, porttitor id, consequat in, consequat ut, nulla. Sed accumsan felis. Ut at dolor quis odio consequat varius.', '2009-08-14 07:34:10', true);
insert into comments (comment_id, post_id, user_id, comment, creation_date, is_confirmed) values (89, 8, null, 'Aenean auctor gravida sem. Praesent id massa id nisl venenatis lacinia. Aenean sit amet justo. Morbi ut odio. Cras mi pede, malesuada in, imperdiet et, commodo vulputate, justo. In blandit ultrices enim. Lorem ipsum dolor sit amet, consectetuer adipiscing elit.', '2011-02-06 01:19:59', false);
insert into comments (comment_id, post_id, user_id, comment, creation_date, is_confirmed) values (90, 40, null, 'Donec diam neque, vestibulum eget, vulputate ut, ultrices vel, augue. Vestibulum ante ipsum primis in faucibus orci luctus et ultrices posuere cubilia Curae; Donec pharetra, magna vestibulum aliquet ultrices, erat tortor sollicitudin mi, sit amet lobortis sapien sapien non mi. Integer ac neque. Duis bibendum. Morbi non quam nec dui luctus rutrum. Nulla tellus. In sagittis dui vel nisl. Duis ac nibh.', '2016-05-17 06:48:57', true);
insert into comments (comment_id, post_id, user_id, comment, creation_date, is_confirmed) values (91, 1, 2, 'Vivamus tortor. Duis mattis egestas metus. Aenean fermentum. Donec ut mauris eget massa tempor convallis. Nulla neque libero, convallis eget, eleifend luctus, ultricies eu, nibh.', '2005-05-06 04:55:06', false);
insert into comments (comment_id, post_id, user_id, comment, creation_date, is_confirmed) values (92, 13, 1, 'Maecenas rhoncus aliquam lacus. Morbi quis tortor id nulla ultrices aliquet. Maecenas leo odio, condimentum id, luctus nec, molestie sed, justo.', '2018-08-21 23:27:16', false);
insert into comments (comment_id, post_id, user_id, comment, creation_date, is_confirmed) values (93, 39, 2, 'In sagittis dui vel nisl. Duis ac nibh. Fusce lacus purus, aliquet at, feugiat non, pretium quis, lectus. Suspendisse potenti. In eleifend quam a odio. In hac habitasse platea dictumst. Maecenas ut massa quis augue luctus tincidunt. Nulla mollis molestie lorem.', '2009-03-17 01:02:20', false);
insert into comments (comment_id, post_id, user_id, comment, creation_date, is_confirmed) values (94, 27, 2, 'Proin risus. Praesent lectus. Vestibulum quam sapien, varius ut, blandit non, interdum in, ante. Vestibulum ante ipsum primis in faucibus orci luctus et ultrices posuere cubilia Curae; Duis faucibus accumsan odio. Curabitur convallis. Duis consequat dui nec nisi volutpat eleifend. Donec ut dolor.', '2016-12-08 22:50:34', false);
insert into comments (comment_id, post_id, user_id, comment, creation_date, is_confirmed) values (95, 4, 2, 'Pellentesque viverra pede ac diam. Cras pellentesque volutpat dui. Maecenas tristique, est et tempus semper, est quam pharetra magna, ac consequat metus sapien ut nunc. Vestibulum ante ipsum primis in faucibus orci luctus et ultrices posuere cubilia Curae; Mauris viverra diam vitae quam. Suspendisse potenti. Nullam porttitor lacus at turpis. Donec posuere metus vitae ipsum. Aliquam non mauris. Morbi non lectus.', '2018-09-12 11:42:56', true);
insert into comments (comment_id, post_id, user_id, comment, creation_date, is_confirmed) values (96, 23, 2, 'Donec semper sapien a libero. Nam dui. Proin leo odio, porttitor id, consequat in, consequat ut, nulla. Sed accumsan felis. Ut at dolor quis odio consequat varius. Integer ac leo. Pellentesque ultrices mattis odio.', '2002-10-25 05:56:39', true);
insert into comments (comment_id, post_id, user_id, comment, creation_date, is_confirmed) values (97, 8, 2, 'Morbi odio odio, elementum eu, interdum eu, tincidunt in, leo. Maecenas pulvinar lobortis est. Phasellus sit amet erat. Nulla tempus. Vivamus in felis eu sapien cursus vestibulum. Proin eu mi. Nulla ac enim.', '2020-05-01 00:22:17', false);
insert into comments (comment_id, post_id, user_id, comment, creation_date, is_confirmed) values (98, 31, 2, 'Proin eu mi. Nulla ac enim. In tempor, turpis nec euismod scelerisque, quam turpis adipiscing lorem, vitae mattis nibh ligula nec sem. Duis aliquam convallis nunc. Proin at turpis a pede posuere nonummy. Integer non velit. Donec diam neque, vestibulum eget, vulputate ut, ultrices vel, augue. Vestibulum ante ipsum primis in faucibus orci luctus et ultrices posuere cubilia Curae; Donec pharetra, magna vestibulum aliquet ultrices, erat tortor sollicitudin mi, sit amet lobortis sapien sapien non mi.', '2003-08-22 05:54:01', true);
insert into comments (comment_id, post_id, user_id, comment, creation_date, is_confirmed) values (99, 26, 1, 'Duis ac nibh. Fusce lacus purus, aliquet at, feugiat non, pretium quis, lectus. Suspendisse potenti. In eleifend quam a odio. In hac habitasse platea dictumst.', '2016-02-04 02:20:30', false);
insert into comments (comment_id, post_id, user_id, comment, creation_date, is_confirmed) values (100, 25, 2, 'Pellentesque at nulla. Suspendisse potenti. Cras in purus eu magna vulputate luctus. Cum sociis natoque penatibus et magnis dis parturient montes, nascetur ridiculus mus. Vivamus vestibulum sagittis sapien. Cum sociis natoque penatibus et magnis dis parturient montes, nascetur ridiculus mus. Etiam vel augue.', '2021-03-07 09:12:01', true);
insert into comments (comment_id, post_id, user_id, comment, creation_date, is_confirmed) values (101, 3, 2, 'Maecenas tincidunt lacus at velit. Vivamus vel nulla eget eros elementum pellentesque. Quisque porta volutpat erat. Quisque erat eros, viverra eget, congue eget, semper rutrum, nulla. Nunc purus. Phasellus in felis. Donec semper sapien a libero. Nam dui. Proin leo odio, porttitor id, consequat in, consequat ut, nulla.', '2015-05-10 20:27:44', false);
insert into comments (comment_id, post_id, user_id, comment, creation_date, is_confirmed) values (102, 6, 2, 'Suspendisse potenti. In eleifend quam a odio. In hac habitasse platea dictumst. Maecenas ut massa quis augue luctus tincidunt. Nulla mollis molestie lorem.', '2002-07-04 02:28:51', true);
insert into comments (comment_id, post_id, user_id, comment, creation_date, is_confirmed) values (103, 47, 2, 'Integer a nibh. In quis justo. Maecenas rhoncus aliquam lacus. Morbi quis tortor id nulla ultrices aliquet. Maecenas leo odio, condimentum id, luctus nec, molestie sed, justo.', '2000-07-21 11:12:42', true);
insert into comments (comment_id, post_id, user_id, comment, creation_date, is_confirmed) values (104, 38, 2, 'Vestibulum ante ipsum primis in faucibus orci luctus et ultrices posuere cubilia Curae; Donec pharetra, magna vestibulum aliquet ultrices, erat tortor sollicitudin mi, sit amet lobortis sapien sapien non mi. Integer ac neque. Duis bibendum.', '2014-09-16 20:32:28', true);
insert into comments (comment_id, post_id, user_id, comment, creation_date, is_confirmed) values (105, 14, 2, 'Quisque id justo sit amet sapien dignissim vestibulum.', '2020-07-10 06:53:46', false);
insert into comments (comment_id, post_id, user_id, comment, creation_date, is_confirmed) values (106, 45, 2, 'Nulla tellus. In sagittis dui vel nisl. Duis ac nibh. Fusce lacus purus, aliquet at, feugiat non, pretium quis, lectus. Suspendisse potenti. In eleifend quam a odio. In hac habitasse platea dictumst. Maecenas ut massa quis augue luctus tincidunt.', '2018-06-04 19:22:23', false);
insert into comments (comment_id, post_id, user_id, comment, creation_date, is_confirmed) values (107, 43, 1, 'Nam nulla. Integer pede justo, lacinia eget, tincidunt eget, tempus vel, pede.', '2005-02-10 12:07:30', true);
insert into comments (comment_id, post_id, user_id, comment, creation_date, is_confirmed) values (108, 22, 1, 'Phasellus sit amet erat. Nulla tempus. Vivamus in felis eu sapien cursus vestibulum. Proin eu mi. Nulla ac enim. In tempor, turpis nec euismod scelerisque, quam turpis adipiscing lorem, vitae mattis nibh ligula nec sem. Duis aliquam convallis nunc. Proin at turpis a pede posuere nonummy. Integer non velit.', '2011-11-18 15:44:43', true);
insert into comments (comment_id, post_id, user_id, comment, creation_date, is_confirmed) values (109, 36, 2, 'Aliquam augue quam, sollicitudin vitae, consectetuer eget, rutrum at, lorem. Integer tincidunt ante vel ipsum. Praesent blandit lacinia erat. Vestibulum sed magna at nunc commodo placerat. Praesent blandit. Nam nulla. Integer pede justo, lacinia eget, tincidunt eget, tempus vel, pede. Morbi porttitor lorem id ligula.', '2003-05-25 17:01:51', false);
insert into comments (comment_id, post_id, user_id, comment, creation_date, is_confirmed) values (110, 18, null, 'Proin at turpis a pede posuere nonummy. Integer non velit. Donec diam neque, vestibulum eget, vulputate ut, ultrices vel, augue. Vestibulum ante ipsum primis in faucibus orci luctus et ultrices posuere cubilia Curae; Donec pharetra, magna vestibulum aliquet ultrices, erat tortor sollicitudin mi, sit amet lobortis sapien sapien non mi.', '2012-08-04 06:27:28', true);
insert into comments (comment_id, post_id, user_id, comment, creation_date, is_confirmed) values (111, 23, 1, 'Pellentesque eget nunc. Donec quis orci eget orci vehicula condimentum. Curabitur in libero ut massa volutpat convallis. Morbi odio odio, elementum eu, interdum eu, tincidunt in, leo. Maecenas pulvinar lobortis est. Phasellus sit amet erat. Nulla tempus. Vivamus in felis eu sapien cursus vestibulum.', '2009-10-28 11:59:03', false);
insert into comments (comment_id, post_id, user_id, comment, creation_date, is_confirmed) values (112, 4, null, 'Proin at turpis a pede posuere nonummy. Integer non velit. Donec diam neque, vestibulum eget, vulputate ut, ultrices vel, augue. Vestibulum ante ipsum primis in faucibus orci luctus et ultrices posuere cubilia Curae; Donec pharetra, magna vestibulum aliquet ultrices, erat tortor sollicitudin mi, sit amet lobortis sapien sapien non mi. Integer ac neque.', '2005-03-29 00:28:48', false);
insert into comments (comment_id, post_id, user_id, comment, creation_date, is_confirmed) values (113, 34, 2, 'Duis mattis egestas metus. Aenean fermentum. Donec ut mauris eget massa tempor convallis. Nulla neque libero, convallis eget, eleifend luctus, ultricies eu, nibh. Quisque id justo sit amet sapien dignissim vestibulum. Vestibulum ante ipsum primis in faucibus orci luctus et ultrices posuere cubilia Curae; Nulla dapibus dolor vel est. Donec odio justo, sollicitudin ut, suscipit a, feugiat et, eros. Vestibulum ac est lacinia nisi venenatis tristique. Fusce congue, diam id ornare imperdiet, sapien urna pretium nisl, ut volutpat sapien arcu sed augue.', '2000-08-06 08:47:08', false);
insert into comments (comment_id, post_id, user_id, comment, creation_date, is_confirmed) values (114, 39, 1, 'Pellentesque viverra pede ac diam. Cras pellentesque volutpat dui. Maecenas tristique, est et tempus semper, est quam pharetra magna, ac consequat metus sapien ut nunc. Vestibulum ante ipsum primis in faucibus orci luctus et ultrices posuere cubilia Curae; Mauris viverra diam vitae quam.', '2011-03-17 12:26:21', true);
insert into comments (comment_id, post_id, user_id, comment, creation_date, is_confirmed) values (115, 22, 2, 'Nulla neque libero, convallis eget, eleifend luctus, ultricies eu, nibh. Quisque id justo sit amet sapien dignissim vestibulum. Vestibulum ante ipsum primis in faucibus orci luctus et ultrices posuere cubilia Curae; Nulla dapibus dolor vel est.', '2003-06-02 11:15:09', false);
insert into comments (comment_id, post_id, user_id, comment, creation_date, is_confirmed) values (116, 23, 2, 'Nulla mollis molestie lorem. Quisque ut erat. Curabitur gravida nisi at nibh. In hac habitasse platea dictumst. Aliquam augue quam, sollicitudin vitae, consectetuer eget, rutrum at, lorem. Integer tincidunt ante vel ipsum. Praesent blandit lacinia erat. Vestibulum sed magna at nunc commodo placerat.', '2009-05-25 03:38:54', true);
insert into comments (comment_id, post_id, user_id, comment, creation_date, is_confirmed) values (117, 50, null, 'In tempor, turpis nec euismod scelerisque, quam turpis adipiscing lorem, vitae mattis nibh ligula nec sem. Duis aliquam convallis nunc. Proin at turpis a pede posuere nonummy. Integer non velit. Donec diam neque, vestibulum eget, vulputate ut, ultrices vel, augue.', '2008-03-31 07:17:31', true);
insert into comments (comment_id, post_id, user_id, comment, creation_date, is_confirmed) values (118, 41, 1, 'Aenean auctor gravida sem. Praesent id massa id nisl venenatis lacinia. Aenean sit amet justo. Morbi ut odio. Cras mi pede, malesuada in, imperdiet et, commodo vulputate, justo. In blandit ultrices enim. Lorem ipsum dolor sit amet, consectetuer adipiscing elit. Proin interdum mauris non ligula pellentesque ultrices.', '2000-10-04 11:19:47', true);
insert into comments (comment_id, post_id, user_id, comment, creation_date, is_confirmed) values (119, 11, 1, 'Nulla nisl. Nunc nisl.', '2020-12-23 13:45:09', false);
insert into comments (comment_id, post_id, user_id, comment, creation_date, is_confirmed) values (120, 33, 1, 'Phasellus in felis. Donec semper sapien a libero. Nam dui. Proin leo odio, porttitor id, consequat in, consequat ut, nulla.', '2013-09-13 06:56:17', false);
insert into comments (comment_id, post_id, user_id, comment, creation_date, is_confirmed) values (121, 13, null, 'Suspendisse potenti. Cras in purus eu magna vulputate luctus.', '2006-06-15 15:50:19', false);
insert into comments (comment_id, post_id, user_id, comment, creation_date, is_confirmed) values (122, 32, 2, 'Integer tincidunt ante vel ipsum.', '2005-11-22 23:46:02', true);
insert into comments (comment_id, post_id, user_id, comment, creation_date, is_confirmed) values (123, 32, 2, 'Cras pellentesque volutpat dui.', '2010-08-29 02:17:53', false);
insert into comments (comment_id, post_id, user_id, comment, creation_date, is_confirmed) values (124, 24, null, 'Mauris sit amet eros. Suspendisse accumsan tortor quis turpis. Sed ante.', '2020-11-23 00:01:49', false);
insert into comments (comment_id, post_id, user_id, comment, creation_date, is_confirmed) values (125, 24, 1, 'Etiam vel augue. Vestibulum rutrum rutrum neque. Aenean auctor gravida sem. Praesent id massa id nisl venenatis lacinia. Aenean sit amet justo. Morbi ut odio.', '2006-11-01 07:42:42', false);
insert into comments (comment_id, post_id, user_id, comment, creation_date, is_confirmed) values (126, 4, 2, 'Donec quis orci eget orci vehicula condimentum. Curabitur in libero ut massa volutpat convallis. Morbi odio odio, elementum eu, interdum eu, tincidunt in, leo. Maecenas pulvinar lobortis est. Phasellus sit amet erat. Nulla tempus.', '2003-05-17 13:42:13', false);
insert into comments (comment_id, post_id, user_id, comment, creation_date, is_confirmed) values (127, 2, null, 'Morbi non lectus. Aliquam sit amet diam in magna bibendum imperdiet. Nullam orci pede, venenatis non, sodales sed, tincidunt eu, felis. Fusce posuere felis sed lacus. Morbi sem mauris, laoreet ut, rhoncus aliquet, pulvinar sed, nisl. Nunc rhoncus dui vel sem.', '2012-10-08 01:34:27', false);
insert into comments (comment_id, post_id, user_id, comment, creation_date, is_confirmed) values (128, 1, 1, 'Vestibulum rutrum rutrum neque. Aenean auctor gravida sem. Praesent id massa id nisl venenatis lacinia.', '2006-07-10 02:36:00', true);
insert into comments (comment_id, post_id, user_id, comment, creation_date, is_confirmed) values (129, 20, null, 'Cras in purus eu magna vulputate luctus. Cum sociis natoque penatibus et magnis dis parturient montes, nascetur ridiculus mus. Vivamus vestibulum sagittis sapien. Cum sociis natoque penatibus et magnis dis parturient montes, nascetur ridiculus mus. Etiam vel augue. Vestibulum rutrum rutrum neque. Aenean auctor gravida sem. Praesent id massa id nisl venenatis lacinia.', '2018-06-15 23:20:08', false);
insert into comments (comment_id, post_id, user_id, comment, creation_date, is_confirmed) values (130, 45, 1, 'Etiam vel augue. Vestibulum rutrum rutrum neque. Aenean auctor gravida sem. Praesent id massa id nisl venenatis lacinia. Aenean sit amet justo. Morbi ut odio. Cras mi pede, malesuada in, imperdiet et, commodo vulputate, justo. In blandit ultrices enim.', '2003-04-02 17:17:35', true);
insert into comments (comment_id, post_id, user_id, comment, creation_date, is_confirmed) values (131, 23, 1, 'Aliquam quis turpis eget elit sodales scelerisque. Mauris sit amet eros. Suspendisse accumsan tortor quis turpis. Sed ante. Vivamus tortor. Duis mattis egestas metus. Aenean fermentum. Donec ut mauris eget massa tempor convallis. Nulla neque libero, convallis eget, eleifend luctus, ultricies eu, nibh.', '2004-02-22 15:47:50', false);
insert into comments (comment_id, post_id, user_id, comment, creation_date, is_confirmed) values (132, 37, null, 'Vivamus vestibulum sagittis sapien. Cum sociis natoque penatibus et magnis dis parturient montes, nascetur ridiculus mus. Etiam vel augue.', '2010-09-11 06:22:21', true);
insert into comments (comment_id, post_id, user_id, comment, creation_date, is_confirmed) values (133, 11, 1, 'Donec dapibus. Duis at velit eu est congue elementum. In hac habitasse platea dictumst. Morbi vestibulum, velit id pretium iaculis, diam erat fermentum justo, nec condimentum neque sapien placerat ante. Nulla justo. Aliquam quis turpis eget elit sodales scelerisque. Mauris sit amet eros. Suspendisse accumsan tortor quis turpis.', '2007-08-29 10:48:51', false);
insert into comments (comment_id, post_id, user_id, comment, creation_date, is_confirmed) values (134, 29, 1, 'Proin at turpis a pede posuere nonummy. Integer non velit. Donec diam neque, vestibulum eget, vulputate ut, ultrices vel, augue. Vestibulum ante ipsum primis in faucibus orci luctus et ultrices posuere cubilia Curae; Donec pharetra, magna vestibulum aliquet ultrices, erat tortor sollicitudin mi, sit amet lobortis sapien sapien non mi. Integer ac neque. Duis bibendum. Morbi non quam nec dui luctus rutrum.', '2012-02-24 12:09:15', false);
insert into comments (comment_id, post_id, user_id, comment, creation_date, is_confirmed) values (135, 26, 2, 'Proin risus. Praesent lectus. Vestibulum quam sapien, varius ut, blandit non, interdum in, ante. Vestibulum ante ipsum primis in faucibus orci luctus et ultrices posuere cubilia Curae; Duis faucibus accumsan odio. Curabitur convallis.', '2001-08-15 19:53:49', false);
insert into comments (comment_id, post_id, user_id, comment, creation_date, is_confirmed) values (136, 44, 1, 'Vivamus metus arcu, adipiscing molestie, hendrerit at, vulputate vitae, nisl. Aenean lectus. Pellentesque eget nunc. Donec quis orci eget orci vehicula condimentum. Curabitur in libero ut massa volutpat convallis. Morbi odio odio, elementum eu, interdum eu, tincidunt in, leo.', '2017-12-15 05:53:51', false);
insert into comments (comment_id, post_id, user_id, comment, creation_date, is_confirmed) values (137, 49, 1, 'Cras pellentesque volutpat dui. Maecenas tristique, est et tempus semper, est quam pharetra magna, ac consequat metus sapien ut nunc. Vestibulum ante ipsum primis in faucibus orci luctus et ultrices posuere cubilia Curae; Mauris viverra diam vitae quam. Suspendisse potenti. Nullam porttitor lacus at turpis. Donec posuere metus vitae ipsum. Aliquam non mauris. Morbi non lectus. Aliquam sit amet diam in magna bibendum imperdiet.', '2002-08-27 01:21:10', true);
insert into comments (comment_id, post_id, user_id, comment, creation_date, is_confirmed) values (138, 24, null, 'Mauris lacinia sapien quis libero. Nullam sit amet turpis elementum ligula vehicula consequat. Morbi a ipsum. Integer a nibh. In quis justo.', '2010-10-31 20:38:03', false);
insert into comments (comment_id, post_id, user_id, comment, creation_date, is_confirmed) values (139, 23, 2, 'Fusce lacus purus, aliquet at, feugiat non, pretium quis, lectus. Suspendisse potenti. In eleifend quam a odio. In hac habitasse platea dictumst. Maecenas ut massa quis augue luctus tincidunt. Nulla mollis molestie lorem.', '2009-12-26 10:34:26', false);
insert into comments (comment_id, post_id, user_id, comment, creation_date, is_confirmed) values (140, 10, 1, 'Aenean auctor gravida sem. Praesent id massa id nisl venenatis lacinia. Aenean sit amet justo. Morbi ut odio. Cras mi pede, malesuada in, imperdiet et, commodo vulputate, justo. In blandit ultrices enim. Lorem ipsum dolor sit amet, consectetuer adipiscing elit.', '2002-07-26 08:22:06', false);
insert into comments (comment_id, post_id, user_id, comment, creation_date, is_confirmed) values (141, 22, 1, 'Integer non velit. Donec diam neque, vestibulum eget, vulputate ut, ultrices vel, augue. Vestibulum ante ipsum primis in faucibus orci luctus et ultrices posuere cubilia Curae; Donec pharetra, magna vestibulum aliquet ultrices, erat tortor sollicitudin mi, sit amet lobortis sapien sapien non mi. Integer ac neque. Duis bibendum. Morbi non quam nec dui luctus rutrum. Nulla tellus. In sagittis dui vel nisl. Duis ac nibh. Fusce lacus purus, aliquet at, feugiat non, pretium quis, lectus.', '2016-12-28 07:33:05', false);
insert into comments (comment_id, post_id, user_id, comment, creation_date, is_confirmed) values (142, 36, 2, 'Suspendisse potenti. Nullam porttitor lacus at turpis. Donec posuere metus vitae ipsum. Aliquam non mauris. Morbi non lectus. Aliquam sit amet diam in magna bibendum imperdiet. Nullam orci pede, venenatis non, sodales sed, tincidunt eu, felis. Fusce posuere felis sed lacus. Morbi sem mauris, laoreet ut, rhoncus aliquet, pulvinar sed, nisl. Nunc rhoncus dui vel sem.', '2008-08-27 20:45:56', true);
insert into comments (comment_id, post_id, user_id, comment, creation_date, is_confirmed) values (143, 34, null, 'In quis justo. Maecenas rhoncus aliquam lacus. Morbi quis tortor id nulla ultrices aliquet. Maecenas leo odio, condimentum id, luctus nec, molestie sed, justo. Pellentesque viverra pede ac diam. Cras pellentesque volutpat dui. Maecenas tristique, est et tempus semper, est quam pharetra magna, ac consequat metus sapien ut nunc. Vestibulum ante ipsum primis in faucibus orci luctus et ultrices posuere cubilia Curae; Mauris viverra diam vitae quam. Suspendisse potenti.', '2004-01-07 07:06:30', false);
insert into comments (comment_id, post_id, user_id, comment, creation_date, is_confirmed) values (144, 45, 1, 'Cras in purus eu magna vulputate luctus. Cum sociis natoque penatibus et magnis dis parturient montes, nascetur ridiculus mus. Vivamus vestibulum sagittis sapien.', '2003-03-27 00:59:47', false);
insert into comments (comment_id, post_id, user_id, comment, creation_date, is_confirmed) values (145, 46, 2, 'Maecenas pulvinar lobortis est. Phasellus sit amet erat. Nulla tempus. Vivamus in felis eu sapien cursus vestibulum.', '2001-08-16 14:16:15', true);
insert into comments (comment_id, post_id, user_id, comment, creation_date, is_confirmed) values (146, 35, 1, 'Phasellus id sapien in sapien iaculis congue. Vivamus metus arcu, adipiscing molestie, hendrerit at, vulputate vitae, nisl. Aenean lectus. Pellentesque eget nunc. Donec quis orci eget orci vehicula condimentum. Curabitur in libero ut massa volutpat convallis. Morbi odio odio, elementum eu, interdum eu, tincidunt in, leo. Maecenas pulvinar lobortis est.', '2017-10-29 16:41:04', true);
insert into comments (comment_id, post_id, user_id, comment, creation_date, is_confirmed) values (147, 6, null, 'Nulla facilisi. Cras non velit nec nisi vulputate nonummy. Maecenas tincidunt lacus at velit. Vivamus vel nulla eget eros elementum pellentesque. Quisque porta volutpat erat. Quisque erat eros, viverra eget, congue eget, semper rutrum, nulla. Nunc purus. Phasellus in felis. Donec semper sapien a libero. Nam dui.', '2020-05-06 06:58:14', false);
insert into comments (comment_id, post_id, user_id, comment, creation_date, is_confirmed) values (148, 46, 2, 'In tempor, turpis nec euismod scelerisque, quam turpis adipiscing lorem, vitae mattis nibh ligula nec sem.', '2009-02-20 08:48:31', true);
insert into comments (comment_id, post_id, user_id, comment, creation_date, is_confirmed) values (149, 29, 1, 'Duis mattis egestas metus. Aenean fermentum. Donec ut mauris eget massa tempor convallis. Nulla neque libero, convallis eget, eleifend luctus, ultricies eu, nibh. Quisque id justo sit amet sapien dignissim vestibulum. Vestibulum ante ipsum primis in faucibus orci luctus et ultrices posuere cubilia Curae; Nulla dapibus dolor vel est. Donec odio justo, sollicitudin ut, suscipit a, feugiat et, eros. Vestibulum ac est lacinia nisi venenatis tristique. Fusce congue, diam id ornare imperdiet, sapien urna pretium nisl, ut volutpat sapien arcu sed augue.', '2016-05-28 08:54:31', false);
insert into comments (comment_id, post_id, user_id, comment, creation_date, is_confirmed) values (150, 26, null, 'Nulla justo. Aliquam quis turpis eget elit sodales scelerisque. Mauris sit amet eros. Suspendisse accumsan tortor quis turpis. Sed ante. Vivamus tortor. Duis mattis egestas metus. Aenean fermentum. Donec ut mauris eget massa tempor convallis.', '2002-11-12 09:55:39', true);
insert into comments (comment_id, post_id, user_id, comment, creation_date, is_confirmed) values (151, 17, null, 'Vestibulum ante ipsum primis in faucibus orci luctus et ultrices posuere cubilia Curae; Duis faucibus accumsan odio. Curabitur convallis. Duis consequat dui nec nisi volutpat eleifend. Donec ut dolor. Morbi vel lectus in quam fringilla rhoncus. Mauris enim leo, rhoncus sed, vestibulum sit amet, cursus id, turpis. Integer aliquet, massa id lobortis convallis, tortor risus dapibus augue, vel accumsan tellus nisi eu orci. Mauris lacinia sapien quis libero. Nullam sit amet turpis elementum ligula vehicula consequat.', '2021-05-21 07:14:46', false);
insert into comments (comment_id, post_id, user_id, comment, creation_date, is_confirmed) values (152, 12, null, 'Aliquam quis turpis eget elit sodales scelerisque. Mauris sit amet eros.', '2015-06-29 11:12:30', false);
insert into comments (comment_id, post_id, user_id, comment, creation_date, is_confirmed) values (153, 36, null, 'Nullam molestie nibh in lectus. Pellentesque at nulla. Suspendisse potenti. Cras in purus eu magna vulputate luctus. Cum sociis natoque penatibus et magnis dis parturient montes, nascetur ridiculus mus. Vivamus vestibulum sagittis sapien. Cum sociis natoque penatibus et magnis dis parturient montes, nascetur ridiculus mus. Etiam vel augue.', '2010-03-14 22:27:06', true);
insert into comments (comment_id, post_id, user_id, comment, creation_date, is_confirmed) values (154, 18, null, 'Lorem ipsum dolor sit amet, consectetuer adipiscing elit. Proin interdum mauris non ligula pellentesque ultrices. Phasellus id sapien in sapien iaculis congue. Vivamus metus arcu, adipiscing molestie, hendrerit at, vulputate vitae, nisl.', '2014-04-02 23:38:28', false);
insert into comments (comment_id, post_id, user_id, comment, creation_date, is_confirmed) values (155, 17, 2, 'Morbi odio odio, elementum eu, interdum eu, tincidunt in, leo. Maecenas pulvinar lobortis est. Phasellus sit amet erat. Nulla tempus. Vivamus in felis eu sapien cursus vestibulum. Proin eu mi. Nulla ac enim. In tempor, turpis nec euismod scelerisque, quam turpis adipiscing lorem, vitae mattis nibh ligula nec sem. Duis aliquam convallis nunc. Proin at turpis a pede posuere nonummy.', '2006-07-18 15:43:59', false);
insert into comments (comment_id, post_id, user_id, comment, creation_date, is_confirmed) values (156, 6, null, 'Morbi porttitor lorem id ligula. Suspendisse ornare consequat lectus. In est risus, auctor sed, tristique in, tempus sit amet, sem. Fusce consequat. Nulla nisl. Nunc nisl.', '2020-03-19 10:39:51', false);
insert into comments (comment_id, post_id, user_id, comment, creation_date, is_confirmed) values (157, 9, 2, 'In quis justo. Maecenas rhoncus aliquam lacus. Morbi quis tortor id nulla ultrices aliquet. Maecenas leo odio, condimentum id, luctus nec, molestie sed, justo. Pellentesque viverra pede ac diam. Cras pellentesque volutpat dui. Maecenas tristique, est et tempus semper, est quam pharetra magna, ac consequat metus sapien ut nunc. Vestibulum ante ipsum primis in faucibus orci luctus et ultrices posuere cubilia Curae; Mauris viverra diam vitae quam. Suspendisse potenti.', '2000-01-17 11:28:46', true);
insert into comments (comment_id, post_id, user_id, comment, creation_date, is_confirmed) values (158, 34, 1, 'Quisque porta volutpat erat. Quisque erat eros, viverra eget, congue eget, semper rutrum, nulla. Nunc purus. Phasellus in felis. Donec semper sapien a libero. Nam dui. Proin leo odio, porttitor id, consequat in, consequat ut, nulla. Sed accumsan felis. Ut at dolor quis odio consequat varius. Integer ac leo.', '2014-06-09 12:16:48', false);
insert into comments (comment_id, post_id, user_id, comment, creation_date, is_confirmed) values (159, 10, 2, 'Pellentesque ultrices mattis odio. Donec vitae nisi. Nam ultrices, libero non mattis pulvinar, nulla pede ullamcorper augue, a suscipit nulla elit ac nulla.', '2011-08-02 08:55:54', true);
insert into comments (comment_id, post_id, user_id, comment, creation_date, is_confirmed) values (160, 25, 2, 'Fusce posuere felis sed lacus. Morbi sem mauris, laoreet ut, rhoncus aliquet, pulvinar sed, nisl. Nunc rhoncus dui vel sem. Sed sagittis. Nam congue, risus semper porta volutpat, quam pede lobortis ligula, sit amet eleifend pede libero quis orci.', '2008-10-06 19:35:32', true);
insert into comments (comment_id, post_id, user_id, comment, creation_date, is_confirmed) values (161, 21, null, 'Aenean lectus. Pellentesque eget nunc. Donec quis orci eget orci vehicula condimentum. Curabitur in libero ut massa volutpat convallis. Morbi odio odio, elementum eu, interdum eu, tincidunt in, leo. Maecenas pulvinar lobortis est. Phasellus sit amet erat. Nulla tempus. Vivamus in felis eu sapien cursus vestibulum. Proin eu mi.', '2002-03-05 01:50:20', false);
insert into comments (comment_id, post_id, user_id, comment, creation_date, is_confirmed) values (162, 28, null, 'Integer tincidunt ante vel ipsum. Praesent blandit lacinia erat. Vestibulum sed magna at nunc commodo placerat. Praesent blandit. Nam nulla. Integer pede justo, lacinia eget, tincidunt eget, tempus vel, pede. Morbi porttitor lorem id ligula. Suspendisse ornare consequat lectus.', '2018-04-16 05:32:02', false);
insert into comments (comment_id, post_id, user_id, comment, creation_date, is_confirmed) values (163, 12, 2, 'Nam dui.', '2018-03-11 03:59:49', false);
insert into comments (comment_id, post_id, user_id, comment, creation_date, is_confirmed) values (164, 30, null, 'Nulla nisl. Nunc nisl. Duis bibendum, felis sed interdum venenatis, turpis enim blandit mi, in porttitor pede justo eu massa. Donec dapibus.', '2020-12-06 15:08:21', true);
insert into comments (comment_id, post_id, user_id, comment, creation_date, is_confirmed) values (165, 14, null, 'Sed sagittis. Nam congue, risus semper porta volutpat, quam pede lobortis ligula, sit amet eleifend pede libero quis orci. Nullam molestie nibh in lectus. Pellentesque at nulla. Suspendisse potenti. Cras in purus eu magna vulputate luctus. Cum sociis natoque penatibus et magnis dis parturient montes, nascetur ridiculus mus. Vivamus vestibulum sagittis sapien. Cum sociis natoque penatibus et magnis dis parturient montes, nascetur ridiculus mus. Etiam vel augue.', '2006-08-20 02:09:38', false);
insert into comments (comment_id, post_id, user_id, comment, creation_date, is_confirmed) values (166, 49, 1, 'Aenean fermentum. Donec ut mauris eget massa tempor convallis. Nulla neque libero, convallis eget, eleifend luctus, ultricies eu, nibh. Quisque id justo sit amet sapien dignissim vestibulum. Vestibulum ante ipsum primis in faucibus orci luctus et ultrices posuere cubilia Curae; Nulla dapibus dolor vel est.', '2000-09-02 21:57:24', false);
insert into comments (comment_id, post_id, user_id, comment, creation_date, is_confirmed) values (167, 38, 1, 'Maecenas leo odio, condimentum id, luctus nec, molestie sed, justo.', '2011-07-06 06:03:45', true);
insert into comments (comment_id, post_id, user_id, comment, creation_date, is_confirmed) values (168, 15, 1, 'Duis ac nibh. Fusce lacus purus, aliquet at, feugiat non, pretium quis, lectus.', '2021-06-13 21:31:24', false);
insert into comments (comment_id, post_id, user_id, comment, creation_date, is_confirmed) values (169, 26, 1, 'Fusce lacus purus, aliquet at, feugiat non, pretium quis, lectus. Suspendisse potenti. In eleifend quam a odio. In hac habitasse platea dictumst. Maecenas ut massa quis augue luctus tincidunt. Nulla mollis molestie lorem.', '2003-09-14 06:20:03', false);
insert into comments (comment_id, post_id, user_id, comment, creation_date, is_confirmed) values (170, 18, null, 'Mauris lacinia sapien quis libero. Nullam sit amet turpis elementum ligula vehicula consequat.', '2008-02-08 12:07:53', false);
insert into comments (comment_id, post_id, user_id, comment, creation_date, is_confirmed) values (171, 50, 1, 'Donec ut mauris eget massa tempor convallis. Nulla neque libero, convallis eget, eleifend luctus, ultricies eu, nibh. Quisque id justo sit amet sapien dignissim vestibulum. Vestibulum ante ipsum primis in faucibus orci luctus et ultrices posuere cubilia Curae; Nulla dapibus dolor vel est.', '2002-02-06 06:40:35', true);
insert into comments (comment_id, post_id, user_id, comment, creation_date, is_confirmed) values (172, 40, null, 'Pellentesque ultrices mattis odio. Donec vitae nisi.', '2018-12-15 12:19:25', false);
insert into comments (comment_id, post_id, user_id, comment, creation_date, is_confirmed) values (173, 15, null, 'In blandit ultrices enim. Lorem ipsum dolor sit amet, consectetuer adipiscing elit. Proin interdum mauris non ligula pellentesque ultrices. Phasellus id sapien in sapien iaculis congue. Vivamus metus arcu, adipiscing molestie, hendrerit at, vulputate vitae, nisl.', '2002-10-02 02:16:39', false);
insert into comments (comment_id, post_id, user_id, comment, creation_date, is_confirmed) values (174, 14, 2, 'Proin interdum mauris non ligula pellentesque ultrices.', '2001-11-08 18:58:53', true);
insert into comments (comment_id, post_id, user_id, comment, creation_date, is_confirmed) values (175, 10, 2, 'Cras in purus eu magna vulputate luctus. Cum sociis natoque penatibus et magnis dis parturient montes, nascetur ridiculus mus. Vivamus vestibulum sagittis sapien. Cum sociis natoque penatibus et magnis dis parturient montes, nascetur ridiculus mus. Etiam vel augue. Vestibulum rutrum rutrum neque. Aenean auctor gravida sem.', '2012-01-01 19:06:43', true);
insert into comments (comment_id, post_id, user_id, comment, creation_date, is_confirmed) values (176, 36, 1, 'Vivamus vestibulum sagittis sapien.', '2017-04-22 18:53:42', false);
insert into comments (comment_id, post_id, user_id, comment, creation_date, is_confirmed) values (177, 2, null, 'Mauris lacinia sapien quis libero. Nullam sit amet turpis elementum ligula vehicula consequat. Morbi a ipsum. Integer a nibh. In quis justo. Maecenas rhoncus aliquam lacus. Morbi quis tortor id nulla ultrices aliquet. Maecenas leo odio, condimentum id, luctus nec, molestie sed, justo. Pellentesque viverra pede ac diam.', '2000-05-17 11:47:16', false);
insert into comments (comment_id, post_id, user_id, comment, creation_date, is_confirmed) values (178, 28, 2, 'Integer aliquet, massa id lobortis convallis, tortor risus dapibus augue, vel accumsan tellus nisi eu orci. Mauris lacinia sapien quis libero. Nullam sit amet turpis elementum ligula vehicula consequat. Morbi a ipsum. Integer a nibh.', '2000-02-28 20:56:28', true);
insert into comments (comment_id, post_id, user_id, comment, creation_date, is_confirmed) values (179, 9, null, 'Morbi non quam nec dui luctus rutrum. Nulla tellus. In sagittis dui vel nisl. Duis ac nibh. Fusce lacus purus, aliquet at, feugiat non, pretium quis, lectus. Suspendisse potenti.', '2012-06-05 01:12:11', false);
insert into comments (comment_id, post_id, user_id, comment, creation_date, is_confirmed) values (180, 24, 1, 'Pellentesque ultrices mattis odio. Donec vitae nisi. Nam ultrices, libero non mattis pulvinar, nulla pede ullamcorper augue, a suscipit nulla elit ac nulla.', '2004-10-06 07:13:48', true);
insert into comments (comment_id, post_id, user_id, comment, creation_date, is_confirmed) values (181, 42, null, 'Nullam porttitor lacus at turpis. Donec posuere metus vitae ipsum. Aliquam non mauris. Morbi non lectus. Aliquam sit amet diam in magna bibendum imperdiet. Nullam orci pede, venenatis non, sodales sed, tincidunt eu, felis. Fusce posuere felis sed lacus. Morbi sem mauris, laoreet ut, rhoncus aliquet, pulvinar sed, nisl. Nunc rhoncus dui vel sem.', '2005-06-29 11:12:29', false);
insert into comments (comment_id, post_id, user_id, comment, creation_date, is_confirmed) values (182, 47, 2, 'Nulla ac enim. In tempor, turpis nec euismod scelerisque, quam turpis adipiscing lorem, vitae mattis nibh ligula nec sem. Duis aliquam convallis nunc. Proin at turpis a pede posuere nonummy. Integer non velit. Donec diam neque, vestibulum eget, vulputate ut, ultrices vel, augue. Vestibulum ante ipsum primis in faucibus orci luctus et ultrices posuere cubilia Curae; Donec pharetra, magna vestibulum aliquet ultrices, erat tortor sollicitudin mi, sit amet lobortis sapien sapien non mi. Integer ac neque. Duis bibendum. Morbi non quam nec dui luctus rutrum.', '2019-08-10 08:32:13', false);
insert into comments (comment_id, post_id, user_id, comment, creation_date, is_confirmed) values (183, 49, 1, 'Vivamus in felis eu sapien cursus vestibulum. Proin eu mi. Nulla ac enim. In tempor, turpis nec euismod scelerisque, quam turpis adipiscing lorem, vitae mattis nibh ligula nec sem. Duis aliquam convallis nunc. Proin at turpis a pede posuere nonummy.', '2001-04-25 05:01:39', true);
insert into comments (comment_id, post_id, user_id, comment, creation_date, is_confirmed) values (184, 41, null, 'Morbi sem mauris, laoreet ut, rhoncus aliquet, pulvinar sed, nisl. Nunc rhoncus dui vel sem. Sed sagittis. Nam congue, risus semper porta volutpat, quam pede lobortis ligula, sit amet eleifend pede libero quis orci. Nullam molestie nibh in lectus. Pellentesque at nulla.', '2004-08-12 20:13:04', true);
insert into comments (comment_id, post_id, user_id, comment, creation_date, is_confirmed) values (185, 10, 1, 'Donec posuere metus vitae ipsum. Aliquam non mauris. Morbi non lectus. Aliquam sit amet diam in magna bibendum imperdiet. Nullam orci pede, venenatis non, sodales sed, tincidunt eu, felis.', '2016-04-18 05:26:15', false);
insert into comments (comment_id, post_id, user_id, comment, creation_date, is_confirmed) values (186, 15, null, 'Pellentesque viverra pede ac diam. Cras pellentesque volutpat dui. Maecenas tristique, est et tempus semper, est quam pharetra magna, ac consequat metus sapien ut nunc. Vestibulum ante ipsum primis in faucibus orci luctus et ultrices posuere cubilia Curae; Mauris viverra diam vitae quam. Suspendisse potenti.', '2004-11-29 01:47:14', true);
insert into comments (comment_id, post_id, user_id, comment, creation_date, is_confirmed) values (187, 8, 2, 'Morbi non lectus. Aliquam sit amet diam in magna bibendum imperdiet. Nullam orci pede, venenatis non, sodales sed, tincidunt eu, felis. Fusce posuere felis sed lacus.', '2018-02-16 02:27:44', true);
insert into comments (comment_id, post_id, user_id, comment, creation_date, is_confirmed) values (188, 34, null, 'Fusce consequat. Nulla nisl. Nunc nisl. Duis bibendum, felis sed interdum venenatis, turpis enim blandit mi, in porttitor pede justo eu massa. Donec dapibus. Duis at velit eu est congue elementum. In hac habitasse platea dictumst. Morbi vestibulum, velit id pretium iaculis, diam erat fermentum justo, nec condimentum neque sapien placerat ante.', '2011-05-21 23:37:28', false);
insert into comments (comment_id, post_id, user_id, comment, creation_date, is_confirmed) values (189, 42, 2, 'Aenean lectus. Pellentesque eget nunc. Donec quis orci eget orci vehicula condimentum. Curabitur in libero ut massa volutpat convallis. Morbi odio odio, elementum eu, interdum eu, tincidunt in, leo. Maecenas pulvinar lobortis est. Phasellus sit amet erat.', '2007-11-10 14:48:27', true);
insert into comments (comment_id, post_id, user_id, comment, creation_date, is_confirmed) values (190, 10, 2, 'Nullam varius. Nulla facilisi. Cras non velit nec nisi vulputate nonummy. Maecenas tincidunt lacus at velit.', '2020-03-05 07:28:17', false);
insert into comments (comment_id, post_id, user_id, comment, creation_date, is_confirmed) values (191, 44, null, 'Fusce posuere felis sed lacus. Morbi sem mauris, laoreet ut, rhoncus aliquet, pulvinar sed, nisl. Nunc rhoncus dui vel sem. Sed sagittis. Nam congue, risus semper porta volutpat, quam pede lobortis ligula, sit amet eleifend pede libero quis orci. Nullam molestie nibh in lectus.', '2015-10-22 10:42:53', true);
insert into comments (comment_id, post_id, user_id, comment, creation_date, is_confirmed) values (192, 39, 2, 'Nullam orci pede, venenatis non, sodales sed, tincidunt eu, felis. Fusce posuere felis sed lacus. Morbi sem mauris, laoreet ut, rhoncus aliquet, pulvinar sed, nisl. Nunc rhoncus dui vel sem.', '2005-07-07 05:52:42', true);
insert into comments (comment_id, post_id, user_id, comment, creation_date, is_confirmed) values (193, 13, 2, 'Cras in purus eu magna vulputate luctus.', '2017-05-28 18:46:09', true);
insert into comments (comment_id, post_id, user_id, comment, creation_date, is_confirmed) values (194, 21, 1, 'Integer a nibh. In quis justo.', '2010-09-15 09:15:10', false);
insert into comments (comment_id, post_id, user_id, comment, creation_date, is_confirmed) values (195, 42, 1, 'Etiam justo. Etiam pretium iaculis justo. In hac habitasse platea dictumst. Etiam faucibus cursus urna. Ut tellus. Nulla ut erat id mauris vulputate elementum. Nullam varius. Nulla facilisi. Cras non velit nec nisi vulputate nonummy. Maecenas tincidunt lacus at velit.', '2014-12-27 05:41:50', false);
insert into comments (comment_id, post_id, user_id, comment, creation_date, is_confirmed) values (196, 49, 2, 'Praesent lectus. Vestibulum quam sapien, varius ut, blandit non, interdum in, ante. Vestibulum ante ipsum primis in faucibus orci luctus et ultrices posuere cubilia Curae; Duis faucibus accumsan odio. Curabitur convallis.', '2003-09-18 19:20:13', true);
insert into comments (comment_id, post_id, user_id, comment, creation_date, is_confirmed) values (197, 27, 2, 'Lorem ipsum dolor sit amet, consectetuer adipiscing elit. Proin interdum mauris non ligula pellentesque ultrices. Phasellus id sapien in sapien iaculis congue. Vivamus metus arcu, adipiscing molestie, hendrerit at, vulputate vitae, nisl. Aenean lectus. Pellentesque eget nunc.', '2005-06-06 09:51:38', true);
insert into comments (comment_id, post_id, user_id, comment, creation_date, is_confirmed) values (198, 19, 1, 'Cum sociis natoque penatibus et magnis dis parturient montes, nascetur ridiculus mus. Vivamus vestibulum sagittis sapien.', '2014-03-02 05:22:42', false);
insert into comments (comment_id, post_id, user_id, comment, creation_date, is_confirmed) values (199, 19, null, 'Quisque erat eros, viverra eget, congue eget, semper rutrum, nulla. Nunc purus. Phasellus in felis. Donec semper sapien a libero.', '2008-04-16 18:59:02', false);
insert into comments (comment_id, post_id, user_id, comment, creation_date, is_confirmed) values (200, 3, null, 'Quisque erat eros, viverra eget, congue eget, semper rutrum, nulla. Nunc purus. Phasellus in felis.', '2014-05-22 21:22:48', false);
insert into comments (comment_id, post_id, user_id, comment, creation_date, is_confirmed) values (201, 40, 1, 'Donec quis orci eget orci vehicula condimentum. Curabitur in libero ut massa volutpat convallis. Morbi odio odio, elementum eu, interdum eu, tincidunt in, leo. Maecenas pulvinar lobortis est. Phasellus sit amet erat. Nulla tempus.', '2004-08-10 02:07:55', true);
insert into comments (comment_id, post_id, user_id, comment, creation_date, is_confirmed) values (202, 11, 1, 'Proin leo odio, porttitor id, consequat in, consequat ut, nulla. Sed accumsan felis. Ut at dolor quis odio consequat varius. Integer ac leo. Pellentesque ultrices mattis odio. Donec vitae nisi.', '2001-07-28 09:19:04', false);
insert into comments (comment_id, post_id, user_id, comment, creation_date, is_confirmed) values (203, 25, 1, 'Phasellus in felis. Donec semper sapien a libero. Nam dui. Proin leo odio, porttitor id, consequat in, consequat ut, nulla. Sed accumsan felis. Ut at dolor quis odio consequat varius.', '2011-12-14 13:36:41', true);
insert into comments (comment_id, post_id, user_id, comment, creation_date, is_confirmed) values (204, 32, null, 'Nullam sit amet turpis elementum ligula vehicula consequat. Morbi a ipsum. Integer a nibh. In quis justo. Maecenas rhoncus aliquam lacus. Morbi quis tortor id nulla ultrices aliquet. Maecenas leo odio, condimentum id, luctus nec, molestie sed, justo. Pellentesque viverra pede ac diam. Cras pellentesque volutpat dui.', '2019-06-15 21:50:34', false);
insert into comments (comment_id, post_id, user_id, comment, creation_date, is_confirmed) values (205, 36, 1, 'Maecenas tristique, est et tempus semper, est quam pharetra magna, ac consequat metus sapien ut nunc. Vestibulum ante ipsum primis in faucibus orci luctus et ultrices posuere cubilia Curae; Mauris viverra diam vitae quam. Suspendisse potenti. Nullam porttitor lacus at turpis.', '2010-11-25 07:15:43', false);
insert into comments (comment_id, post_id, user_id, comment, creation_date, is_confirmed) values (206, 24, 1, 'Duis mattis egestas metus. Aenean fermentum. Donec ut mauris eget massa tempor convallis.', '2014-05-06 00:41:38', false);
insert into comments (comment_id, post_id, user_id, comment, creation_date, is_confirmed) values (207, 37, 2, 'Nunc rhoncus dui vel sem. Sed sagittis. Nam congue, risus semper porta volutpat, quam pede lobortis ligula, sit amet eleifend pede libero quis orci. Nullam molestie nibh in lectus.', '2020-02-17 02:34:13', true);
insert into comments (comment_id, post_id, user_id, comment, creation_date, is_confirmed) values (208, 5, null, 'Pellentesque at nulla. Suspendisse potenti.', '2014-07-21 12:09:53', false);
insert into comments (comment_id, post_id, user_id, comment, creation_date, is_confirmed) values (209, 13, null, 'Nullam porttitor lacus at turpis. Donec posuere metus vitae ipsum. Aliquam non mauris. Morbi non lectus. Aliquam sit amet diam in magna bibendum imperdiet. Nullam orci pede, venenatis non, sodales sed, tincidunt eu, felis.', '2018-10-31 18:00:40', true);
insert into comments (comment_id, post_id, user_id, comment, creation_date, is_confirmed) values (210, 41, 1, 'Morbi odio odio, elementum eu, interdum eu, tincidunt in, leo. Maecenas pulvinar lobortis est. Phasellus sit amet erat. Nulla tempus.', '2000-01-03 16:08:11', true);
insert into comments (comment_id, post_id, user_id, comment, creation_date, is_confirmed) values (211, 32, 2, 'Sed vel enim sit amet nunc viverra dapibus. Nulla suscipit ligula in lacus. Curabitur at ipsum ac tellus semper interdum. Mauris ullamcorper purus sit amet nulla. Quisque arcu libero, rutrum ac, lobortis vel, dapibus at, diam.', '2008-06-30 01:48:51', true);
insert into comments (comment_id, post_id, user_id, comment, creation_date, is_confirmed) values (212, 45, null, 'Phasellus id sapien in sapien iaculis congue. Vivamus metus arcu, adipiscing molestie, hendrerit at, vulputate vitae, nisl. Aenean lectus. Pellentesque eget nunc. Donec quis orci eget orci vehicula condimentum.', '2016-06-03 21:28:30', false);
insert into comments (comment_id, post_id, user_id, comment, creation_date, is_confirmed) values (213, 12, null, 'Curabitur at ipsum ac tellus semper interdum. Mauris ullamcorper purus sit amet nulla. Quisque arcu libero, rutrum ac, lobortis vel, dapibus at, diam. Nam tristique tortor eu pede.', '2017-07-06 15:25:30', true);
insert into comments (comment_id, post_id, user_id, comment, creation_date, is_confirmed) values (214, 49, 1, 'Vestibulum ante ipsum primis in faucibus orci luctus et ultrices posuere cubilia Curae; Mauris viverra diam vitae quam. Suspendisse potenti. Nullam porttitor lacus at turpis. Donec posuere metus vitae ipsum. Aliquam non mauris. Morbi non lectus. Aliquam sit amet diam in magna bibendum imperdiet.', '2016-03-19 06:32:34', false);
insert into comments (comment_id, post_id, user_id, comment, creation_date, is_confirmed) values (215, 2, null, 'In quis justo. Maecenas rhoncus aliquam lacus.', '2015-05-06 21:21:33', true);
insert into comments (comment_id, post_id, user_id, comment, creation_date, is_confirmed) values (216, 37, 2, 'Aenean lectus. Pellentesque eget nunc. Donec quis orci eget orci vehicula condimentum. Curabitur in libero ut massa volutpat convallis. Morbi odio odio, elementum eu, interdum eu, tincidunt in, leo. Maecenas pulvinar lobortis est. Phasellus sit amet erat. Nulla tempus. Vivamus in felis eu sapien cursus vestibulum. Proin eu mi.', '2021-03-29 20:50:02', false);
insert into comments (comment_id, post_id, user_id, comment, creation_date, is_confirmed) values (217, 47, 1, 'Quisque porta volutpat erat. Quisque erat eros, viverra eget, congue eget, semper rutrum, nulla. Nunc purus. Phasellus in felis.', '2009-01-10 09:27:22', false);
insert into comments (comment_id, post_id, user_id, comment, creation_date, is_confirmed) values (218, 1, 1, 'Suspendisse potenti. Cras in purus eu magna vulputate luctus. Cum sociis natoque penatibus et magnis dis parturient montes, nascetur ridiculus mus. Vivamus vestibulum sagittis sapien. Cum sociis natoque penatibus et magnis dis parturient montes, nascetur ridiculus mus.', '2019-10-26 21:35:33', true);
insert into comments (comment_id, post_id, user_id, comment, creation_date, is_confirmed) values (219, 32, 1, 'Maecenas pulvinar lobortis est. Phasellus sit amet erat. Nulla tempus.', '2010-01-28 17:47:27', true);
insert into comments (comment_id, post_id, user_id, comment, creation_date, is_confirmed) values (220, 15, 2, 'Duis bibendum. Morbi non quam nec dui luctus rutrum. Nulla tellus. In sagittis dui vel nisl. Duis ac nibh. Fusce lacus purus, aliquet at, feugiat non, pretium quis, lectus. Suspendisse potenti. In eleifend quam a odio. In hac habitasse platea dictumst.', '2010-08-10 07:27:38', false);
insert into comments (comment_id, post_id, user_id, comment, creation_date, is_confirmed) values (221, 41, null, 'Cras in purus eu magna vulputate luctus. Cum sociis natoque penatibus et magnis dis parturient montes, nascetur ridiculus mus. Vivamus vestibulum sagittis sapien. Cum sociis natoque penatibus et magnis dis parturient montes, nascetur ridiculus mus.', '2000-08-08 21:50:29', false);
insert into comments (comment_id, post_id, user_id, comment, creation_date, is_confirmed) values (222, 41, 1, 'Vivamus tortor. Duis mattis egestas metus. Aenean fermentum. Donec ut mauris eget massa tempor convallis. Nulla neque libero, convallis eget, eleifend luctus, ultricies eu, nibh. Quisque id justo sit amet sapien dignissim vestibulum. Vestibulum ante ipsum primis in faucibus orci luctus et ultrices posuere cubilia Curae; Nulla dapibus dolor vel est.', '2018-02-23 21:24:34', false);
insert into comments (comment_id, post_id, user_id, comment, creation_date, is_confirmed) values (223, 16, 2, 'Nullam sit amet turpis elementum ligula vehicula consequat. Morbi a ipsum. Integer a nibh. In quis justo. Maecenas rhoncus aliquam lacus. Morbi quis tortor id nulla ultrices aliquet. Maecenas leo odio, condimentum id, luctus nec, molestie sed, justo. Pellentesque viverra pede ac diam.', '2009-12-09 00:59:37', true);
insert into comments (comment_id, post_id, user_id, comment, creation_date, is_confirmed) values (224, 17, 2, 'Proin risus. Praesent lectus.', '2000-07-04 06:24:50', false);
insert into comments (comment_id, post_id, user_id, comment, creation_date, is_confirmed) values (225, 11, 1, 'Ut tellus. Nulla ut erat id mauris vulputate elementum. Nullam varius. Nulla facilisi. Cras non velit nec nisi vulputate nonummy. Maecenas tincidunt lacus at velit. Vivamus vel nulla eget eros elementum pellentesque. Quisque porta volutpat erat. Quisque erat eros, viverra eget, congue eget, semper rutrum, nulla. Nunc purus.', '2003-02-01 09:46:38', true);
insert into comments (comment_id, post_id, user_id, comment, creation_date, is_confirmed) values (226, 20, 1, 'Morbi ut odio. Cras mi pede, malesuada in, imperdiet et, commodo vulputate, justo. In blandit ultrices enim. Lorem ipsum dolor sit amet, consectetuer adipiscing elit. Proin interdum mauris non ligula pellentesque ultrices. Phasellus id sapien in sapien iaculis congue.', '2011-08-11 17:24:07', true);
insert into comments (comment_id, post_id, user_id, comment, creation_date, is_confirmed) values (227, 19, 2, 'Vestibulum ante ipsum primis in faucibus orci luctus et ultrices posuere cubilia Curae; Donec pharetra, magna vestibulum aliquet ultrices, erat tortor sollicitudin mi, sit amet lobortis sapien sapien non mi. Integer ac neque. Duis bibendum. Morbi non quam nec dui luctus rutrum. Nulla tellus. In sagittis dui vel nisl. Duis ac nibh. Fusce lacus purus, aliquet at, feugiat non, pretium quis, lectus. Suspendisse potenti.', '2017-12-03 12:31:53', false);
insert into comments (comment_id, post_id, user_id, comment, creation_date, is_confirmed) values (228, 14, null, 'In congue. Etiam justo. Etiam pretium iaculis justo. In hac habitasse platea dictumst. Etiam faucibus cursus urna. Ut tellus. Nulla ut erat id mauris vulputate elementum. Nullam varius. Nulla facilisi. Cras non velit nec nisi vulputate nonummy.', '2009-04-03 16:09:01', true);
insert into comments (comment_id, post_id, user_id, comment, creation_date, is_confirmed) values (229, 30, null, 'Morbi sem mauris, laoreet ut, rhoncus aliquet, pulvinar sed, nisl. Nunc rhoncus dui vel sem. Sed sagittis.', '2004-08-06 20:02:28', true);
insert into comments (comment_id, post_id, user_id, comment, creation_date, is_confirmed) values (230, 39, 1, 'Lorem ipsum dolor sit amet, consectetuer adipiscing elit. Proin risus. Praesent lectus. Vestibulum quam sapien, varius ut, blandit non, interdum in, ante. Vestibulum ante ipsum primis in faucibus orci luctus et ultrices posuere cubilia Curae; Duis faucibus accumsan odio. Curabitur convallis. Duis consequat dui nec nisi volutpat eleifend. Donec ut dolor.', '2007-03-09 21:19:33', true);
insert into comments (comment_id, post_id, user_id, comment, creation_date, is_confirmed) values (231, 10, 1, 'Vestibulum ante ipsum primis in faucibus orci luctus et ultrices posuere cubilia Curae; Duis faucibus accumsan odio. Curabitur convallis. Duis consequat dui nec nisi volutpat eleifend. Donec ut dolor. Morbi vel lectus in quam fringilla rhoncus. Mauris enim leo, rhoncus sed, vestibulum sit amet, cursus id, turpis. Integer aliquet, massa id lobortis convallis, tortor risus dapibus augue, vel accumsan tellus nisi eu orci. Mauris lacinia sapien quis libero. Nullam sit amet turpis elementum ligula vehicula consequat.', '2000-06-27 06:41:15', false);
insert into comments (comment_id, post_id, user_id, comment, creation_date, is_confirmed) values (232, 48, 1, 'Cras in purus eu magna vulputate luctus. Cum sociis natoque penatibus et magnis dis parturient montes, nascetur ridiculus mus. Vivamus vestibulum sagittis sapien. Cum sociis natoque penatibus et magnis dis parturient montes, nascetur ridiculus mus. Etiam vel augue. Vestibulum rutrum rutrum neque. Aenean auctor gravida sem. Praesent id massa id nisl venenatis lacinia.', '2005-05-05 00:46:45', true);
insert into comments (comment_id, post_id, user_id, comment, creation_date, is_confirmed) values (233, 46, 1, 'Nam congue, risus semper porta volutpat, quam pede lobortis ligula, sit amet eleifend pede libero quis orci.', '2002-11-04 05:53:32', false);
insert into comments (comment_id, post_id, user_id, comment, creation_date, is_confirmed) values (234, 8, null, 'Aliquam non mauris. Morbi non lectus.', '2020-07-24 19:32:25', false);
insert into comments (comment_id, post_id, user_id, comment, creation_date, is_confirmed) values (235, 5, 2, 'Nullam molestie nibh in lectus. Pellentesque at nulla. Suspendisse potenti.', '2016-06-24 15:54:14', false);
insert into comments (comment_id, post_id, user_id, comment, creation_date, is_confirmed) values (236, 27, 1, 'Proin at turpis a pede posuere nonummy. Integer non velit. Donec diam neque, vestibulum eget, vulputate ut, ultrices vel, augue.', '2009-04-27 00:35:03', false);
insert into comments (comment_id, post_id, user_id, comment, creation_date, is_confirmed) values (237, 43, null, 'Duis mattis egestas metus. Aenean fermentum. Donec ut mauris eget massa tempor convallis. Nulla neque libero, convallis eget, eleifend luctus, ultricies eu, nibh. Quisque id justo sit amet sapien dignissim vestibulum. Vestibulum ante ipsum primis in faucibus orci luctus et ultrices posuere cubilia Curae; Nulla dapibus dolor vel est. Donec odio justo, sollicitudin ut, suscipit a, feugiat et, eros. Vestibulum ac est lacinia nisi venenatis tristique. Fusce congue, diam id ornare imperdiet, sapien urna pretium nisl, ut volutpat sapien arcu sed augue. Aliquam erat volutpat.', '2000-04-24 10:26:00', true);
insert into comments (comment_id, post_id, user_id, comment, creation_date, is_confirmed) values (238, 19, 2, 'Donec semper sapien a libero. Nam dui. Proin leo odio, porttitor id, consequat in, consequat ut, nulla. Sed accumsan felis. Ut at dolor quis odio consequat varius. Integer ac leo.', '2018-01-31 12:41:40', false);
insert into comments (comment_id, post_id, user_id, comment, creation_date, is_confirmed) values (239, 43, null, 'Sed sagittis. Nam congue, risus semper porta volutpat, quam pede lobortis ligula, sit amet eleifend pede libero quis orci. Nullam molestie nibh in lectus. Pellentesque at nulla. Suspendisse potenti. Cras in purus eu magna vulputate luctus. Cum sociis natoque penatibus et magnis dis parturient montes, nascetur ridiculus mus.', '2009-03-08 15:27:16', true);
insert into comments (comment_id, post_id, user_id, comment, creation_date, is_confirmed) values (240, 20, 1, 'In est risus, auctor sed, tristique in, tempus sit amet, sem. Fusce consequat. Nulla nisl. Nunc nisl. Duis bibendum, felis sed interdum venenatis, turpis enim blandit mi, in porttitor pede justo eu massa. Donec dapibus. Duis at velit eu est congue elementum. In hac habitasse platea dictumst.', '2008-09-28 03:34:05', false);
insert into comments (comment_id, post_id, user_id, comment, creation_date, is_confirmed) values (241, 2, 2, 'Mauris ullamcorper purus sit amet nulla. Quisque arcu libero, rutrum ac, lobortis vel, dapibus at, diam. Nam tristique tortor eu pede.', '2008-10-12 13:47:34', false);
insert into comments (comment_id, post_id, user_id, comment, creation_date, is_confirmed) values (242, 4, 2, 'Lorem ipsum dolor sit amet, consectetuer adipiscing elit. Proin risus. Praesent lectus. Vestibulum quam sapien, varius ut, blandit non, interdum in, ante. Vestibulum ante ipsum primis in faucibus orci luctus et ultrices posuere cubilia Curae; Duis faucibus accumsan odio. Curabitur convallis. Duis consequat dui nec nisi volutpat eleifend. Donec ut dolor. Morbi vel lectus in quam fringilla rhoncus. Mauris enim leo, rhoncus sed, vestibulum sit amet, cursus id, turpis.', '2004-12-11 06:53:08', false);
insert into comments (comment_id, post_id, user_id, comment, creation_date, is_confirmed) values (243, 14, 2, 'Cras pellentesque volutpat dui. Maecenas tristique, est et tempus semper, est quam pharetra magna, ac consequat metus sapien ut nunc. Vestibulum ante ipsum primis in faucibus orci luctus et ultrices posuere cubilia Curae; Mauris viverra diam vitae quam. Suspendisse potenti. Nullam porttitor lacus at turpis. Donec posuere metus vitae ipsum. Aliquam non mauris.', '2020-02-15 12:37:36', false);
insert into comments (comment_id, post_id, user_id, comment, creation_date, is_confirmed) values (244, 36, 1, 'Morbi vestibulum, velit id pretium iaculis, diam erat fermentum justo, nec condimentum neque sapien placerat ante.', '2012-02-22 00:37:17', true);
insert into comments (comment_id, post_id, user_id, comment, creation_date, is_confirmed) values (245, 13, null, 'Morbi a ipsum. Integer a nibh. In quis justo. Maecenas rhoncus aliquam lacus. Morbi quis tortor id nulla ultrices aliquet. Maecenas leo odio, condimentum id, luctus nec, molestie sed, justo. Pellentesque viverra pede ac diam. Cras pellentesque volutpat dui.', '2021-11-13 20:15:55', false);
insert into comments (comment_id, post_id, user_id, comment, creation_date, is_confirmed) values (246, 26, 2, 'In est risus, auctor sed, tristique in, tempus sit amet, sem. Fusce consequat. Nulla nisl. Nunc nisl. Duis bibendum, felis sed interdum venenatis, turpis enim blandit mi, in porttitor pede justo eu massa. Donec dapibus. Duis at velit eu est congue elementum. In hac habitasse platea dictumst. Morbi vestibulum, velit id pretium iaculis, diam erat fermentum justo, nec condimentum neque sapien placerat ante.', '2020-03-19 08:09:59', true);
insert into comments (comment_id, post_id, user_id, comment, creation_date, is_confirmed) values (247, 7, 1, 'Integer ac leo. Pellentesque ultrices mattis odio. Donec vitae nisi. Nam ultrices, libero non mattis pulvinar, nulla pede ullamcorper augue, a suscipit nulla elit ac nulla. Sed vel enim sit amet nunc viverra dapibus. Nulla suscipit ligula in lacus. Curabitur at ipsum ac tellus semper interdum. Mauris ullamcorper purus sit amet nulla. Quisque arcu libero, rutrum ac, lobortis vel, dapibus at, diam. Nam tristique tortor eu pede.', '2020-08-20 18:52:10', false);
insert into comments (comment_id, post_id, user_id, comment, creation_date, is_confirmed) values (248, 33, 1, 'Duis ac nibh. Fusce lacus purus, aliquet at, feugiat non, pretium quis, lectus. Suspendisse potenti. In eleifend quam a odio. In hac habitasse platea dictumst. Maecenas ut massa quis augue luctus tincidunt.', '2008-11-25 05:23:37', true);
insert into comments (comment_id, post_id, user_id, comment, creation_date, is_confirmed) values (249, 49, null, 'Donec ut dolor. Morbi vel lectus in quam fringilla rhoncus. Mauris enim leo, rhoncus sed, vestibulum sit amet, cursus id, turpis. Integer aliquet, massa id lobortis convallis, tortor risus dapibus augue, vel accumsan tellus nisi eu orci. Mauris lacinia sapien quis libero. Nullam sit amet turpis elementum ligula vehicula consequat. Morbi a ipsum. Integer a nibh. In quis justo.', '2005-12-06 07:38:29', true);
insert into comments (comment_id, post_id, user_id, comment, creation_date, is_confirmed) values (250, 33, null, 'Nullam porttitor lacus at turpis. Donec posuere metus vitae ipsum. Aliquam non mauris. Morbi non lectus. Aliquam sit amet diam in magna bibendum imperdiet. Nullam orci pede, venenatis non, sodales sed, tincidunt eu, felis. Fusce posuere felis sed lacus. Morbi sem mauris, laoreet ut, rhoncus aliquet, pulvinar sed, nisl. Nunc rhoncus dui vel sem. Sed sagittis.', '2020-11-17 20:50:38', false);

--Veritabanında Gerçekleştirmek İstediğimiz İşlemler

--1. Tüm blog yazılarını başlıkları, yazarları ve kategorileriyle birlikte getirin.

--2. En son yayınlanan 5 blog yazısını başlıkları, yazarları ve yayın tarihleriyle birlikte alın.
--3. Her blog yazısı için yorum sayısını gösterin.
--4. Tüm kayıtlı kullanıcıların kullanıcı adlarını ve e-posta adreslerini gösterin.
--5. En son 10 yorumu, ilgili gönderi başlıklarıyla birlikte alın.
--6. Belirli bir kullanıcı tarafından yazılan tüm blog yazılarını bulun.
--7. Her kullanıcının yazdığı toplam gönderi sayısını alın.
--8. Her kategoriyi, kategorideki gönderi sayısıyla birlikte gösterin.
--9. Gönderi sayısına göre en popüler kategoriyi bulun.
--10. Gönderilerindeki toplam görüntülenme sayısına göre en popüler kategoriyi bulun.
--11. En fazla yoruma sahip gönderiyi alın.
--12. Belirli bir gönderinin yazarının kullanıcı adını ve e-posta adresini gösterin.
--13. Başlık veya içeriklerinde belirli bir anahtar kelime bulunan tüm gönderileri bulun.
--14. Belirli bir kullanıcının en son yorumunu gösterin.
--15. Gönderi başına ortalama yorum sayısını bulun.
--16. Son 30 günde yayınlanan gönderileri gösterin.
--17. Belirli bir kullanıcının yaptığı yorumları alın.
--18. Belirli bir kategoriye ait tüm gönderileri bulun.
--19. 5'ten az yazıya sahip kategorileri bulun.
--20. Hem bir yazı hem de bir yoruma sahip olan kullanıcıları gösterin.
--21. En az 2 farklı yazıya yorum yapmış kullanıcıları alın.
--22. En az 3 yazıya sahip kategorileri görüntüleyin.
--23. 5'ten fazla blog yazısı yazan yazarları bulun.
--24. Bir blog yazısı yazmış veya bir yorum yapmış kullanıcıların e-posta adreslerini
--görüntüleyin. (UNION kullanarak)
--25. Bir blog yazısı yazmış ancak hiç yorum yapmamış yazarları bulun.
